Comp_depth_cm,Removed_for_event,Comp_depth_corrected
0,kept,0
0.5,kept,0.5
1,kept,1
1.5,kept,1.5
2,kept,2
2.5,kept,2.5
3,kept,3
3.5,kept,3.5
4,kept,4
4.5,kept,4.5
5,kept,5
5.5,kept,5.5
6,kept,6
6.5,kept,6.5
7,kept,7
7.5,kept,7.5
8,kept,8
8.5,kept,8.5
9,kept,9
9.5,kept,9.5
10,kept,10
10.5,kept,10.5
11,kept,11
11.5,kept,11.5
12,kept,12
12.5,kept,12.5
13,kept,13
13.5,kept,13.5
14,kept,14
14.5,kept,14.5
15,kept,15
15.5,kept,15.5
16,kept,16
16.5,kept,16.5
17,kept,17
17.5,kept,17.5
18,kept,18
18.5,kept,18.5
19,kept,19
19.5,kept,19.5
20,kept,20
20.5,kept,20.5
21,kept,21
21.5,kept,21.5
22,kept,22
22.5,kept,22.5
23,kept,23
23.5,kept,23.5
24,kept,24
24.5,kept,24.5
25,kept,25
25.5,kept,25.5
26,kept,26
26.5,kept,26.5
27,kept,27
27.5,kept,27.5
28,kept,28
28.5,kept,28.5
29,kept,29
29.5,kept,29.5
30,kept,30
30.5,kept,30.5
31,kept,31
31.5,kept,31.5
32,kept,32
32.5,kept,32.5
33,kept,33
33.5,kept,33.5
34,kept,34
34.5,kept,34.5
35,kept,35
35.5,kept,35.5
36,kept,36
36.5,kept,36.5
37,kept,37
37.5,kept,37.5
38,kept,38
38.5,kept,38.5
39,kept,39
39.5,kept,39.5
40,kept,40
40.5,kept,40.5
41,kept,41
41.5,kept,41.5
42,kept,42
42.5,kept,42.5
43,kept,43
43.5,kept,43.5
44,kept,44
44.5,kept,44.5
45,kept,45
45.5,kept,45.5
46,kept,46
46.5,kept,46.5
47,kept,47
47.5,kept,47.5
48,kept,48
48.5,kept,48.5
49,kept,49
49.5,kept,49.5
50,kept,50
50.5,kept,50.5
51,kept,51
51.5,kept,51.5
52,kept,52
52.5,kept,52.5
53,kept,53
53.5,kept,53.5
54,kept,54
54.5,kept,54.5
55,kept,55
55.5,kept,55.5
56,kept,56
56.5,kept,56.5
57,kept,57
57.5,kept,57.5
58,kept,58
58.5,kept,58.5
59,kept,59
59.5,kept,59.5
60,kept,60
60.5,kept,60.5
61,kept,61
61.5,kept,61.5
62,kept,62
62.5,kept,62.5
63,kept,63
63.5,kept,63.5
64,kept,64
64.5,kept,64.5
65,kept,65
65.5,kept,65.5
66,kept,66
66.5,kept,66.5
67,kept,67
67.5,kept,67.5
68,kept,68
68.5,kept,68.5
69,kept,69
69.5,kept,69.5
70,kept,70
70.5,kept,70.5
71,kept,71
71.5,kept,71.5
72,kept,72
72.5,kept,72.5
73,kept,73
73.5,kept,73.5
74,kept,74
74.5,kept,74.5
75,kept,75
75.5,kept,75.5
76,kept,76
76.5,kept,76.5
77,kept,77
77.5,kept,77.5
78,kept,78
78.5,kept,78.5
79,kept,79
79.5,kept,79.5
80,kept,80
80.5,kept,80.5
81,kept,81
81.5,kept,81.5
82,kept,82
82.5,kept,82.5
83,kept,83
83.5,kept,83.5
84,kept,84
84.5,kept,84.5
85,kept,85
85.5,kept,85.5
86,kept,86
86.5,kept,86.5
87,kept,87
87.5,kept,87.5
88,kept,88
88.5,kept,88.5
89,kept,89
89.5,kept,89.5
90,kept,90
90.5,kept,90.5
91,kept,91
91.5,kept,91.5
92,kept,92
92.5,kept,92.5
93,kept,93
93.5,kept,93.5
94,kept,94
94.5,kept,94.5
95,kept,95
95.5,kept,95.5
96,kept,96
96.5,kept,96.5
97,kept,97
97.5,kept,97.5
98,kept,98
98.5,kept,98.5
99,kept,99
99.5,kept,99.5
100,kept,100
100.5,kept,100.5
101,kept,101
101.5,kept,101.5
102,kept,102
102.5,kept,102.5
103,kept,103
103.5,kept,103.5
104,kept,104
104.5,kept,104.5
105,kept,105
105.5,kept,105.5
106,kept,106
106.5,kept,106.5
107,kept,107
107.5,kept,107.5
108,kept,108
108.5,kept,108.5
109,kept,109
109.5,kept,109.5
110,kept,110
110.5,kept,110.5
111,kept,111
111.5,kept,111.5
112,kept,112
112.5,kept,112.5
113,kept,113
113.5,kept,113.5
114,kept,114
114.5,kept,114.5
115,kept,115
115.5,kept,115.5
116,kept,116
116.5,kept,116.5
117,kept,117
117.5,kept,117.5
118,kept,118
118.5,kept,118.5
119,kept,119
119.5,kept,119.5
120,kept,120
120.5,kept,120.5
121,kept,121
121.5,kept,121.5
122,kept,122
122.5,kept,122.5
123,kept,123
123.5,kept,123.5
124,kept,124
124.5,kept,124.5
125,kept,125
125.5,kept,125.5
126,kept,126
126.5,kept,126.5
127,kept,127
127.5,kept,127.5
128,kept,128
128.5,kept,128.5
129,kept,129
129.5,kept,129.5
130,kept,130
130.5,kept,130.5
131,kept,131
131.5,kept,131.5
132,kept,132
132.5,kept,132.5
133,kept,133
133.5,kept,133.5
134,kept,134
134.5,kept,134.5
135,kept,135
135.5,kept,135.5
136,kept,136
136.5,kept,136.5
137,kept,137
137.5,kept,137.5
138,kept,138
138.5,kept,138.5
139,kept,139
139.5,kept,139.5
140,kept,140
140.5,kept,140.5
141,kept,141
141.5,kept,141.5
142,kept,142
142.5,kept,142.5
143,kept,143
143.5,kept,143.5
144,kept,144
144.5,kept,144.5
145,kept,145
145.5,kept,145.5
146,kept,146
146.5,kept,146.5
147,kept,147
147.5,kept,147.5
148,kept,148
148.5,kept,148.5
149,kept,149
149.5,kept,149.5
150,kept,150
150.5,kept,150.5
151,kept,151
151.5,kept,151.5
152,kept,152
152.5,kept,152.5
153,kept,153
153.5,kept,153.5
154,kept,154
154.5,kept,154.5
155,kept,155
155.5,kept,155.5
156,kept,156
156.5,kept,156.5
157,kept,157
157.5,kept,157.5
158,kept,158
158.5,kept,158.5
159,kept,159
159.5,kept,159.5
160,kept,160
160.5,kept,160.5
161,kept,161
161.5,kept,161.5
162,kept,162
162.5,kept,162.5
163,kept,163
163.5,kept,163.5
164,kept,164
164.5,kept,164.5
165,kept,165
165.5,kept,165.5
166,kept,166
166.5,kept,166.5
167,kept,167
167.5,kept,167.5
168,kept,168
168.5,kept,168.5
169,kept,169
169.5,kept,169.5
170,kept,170
170.5,kept,170.5
171,kept,171
171.5,kept,171.5
172,kept,172
172.5,kept,172.5
173,kept,173
173.5,kept,173.5
174,kept,174
174.5,kept,174.5
175,kept,175
175.5,kept,175.5
176,kept,176
176.5,kept,176.5
177,kept,177
177.5,kept,177.5
178,kept,178
178.5,kept,178.5
179,kept,179
179.5,kept,179.5
180,kept,180
180.5,kept,180.5
181,kept,181
181.5,kept,181.5
182,kept,182
182.5,kept,182.5
183,kept,183
183.5,kept,183.5
184,kept,184
184.5,kept,184.5
185,kept,185
185.5,kept,185.5
186,kept,186
186.5,kept,186.5
187,kept,187
187.5,kept,187.5
188,kept,188
188.5,kept,188.5
189,kept,189
189.5,kept,189.5
190,kept,190
190.5,kept,190.5
191,kept,191
191.5,kept,191.5
192,kept,192
192.5,kept,192.5
193,kept,193
193.5,kept,193.5
194,kept,194
194.5,kept,194.5
195,kept,195
195.5,kept,195.5
196,kept,196
196.5,kept,196.5
197,kept,197
197.5,kept,197.5
198,kept,198
198.5,kept,198.5
199,kept,199
199.5,kept,199.5
200,kept,200
200.5,kept,200.5
201,kept,201
201.5,kept,201.5
202,kept,202
202.5,kept,202.5
203,kept,203
203.5,kept,203.5
204,kept,204
204.5,kept,204.5
205,kept,205
205.5,kept,205.5
206,kept,206
206.5,kept,206.5
207,kept,207
207.5,kept,207.5
208,kept,208
208.5,kept,208.5
209,kept,209
209.5,kept,209.5
210,kept,210
210.5,kept,210.5
211,kept,211
211.5,kept,211.5
212,kept,212
212.5,kept,212.5
213,kept,213
213.5,kept,213.5
214,kept,214
214.5,kept,214.5
215,kept,215
215.5,kept,215.5
216,kept,216
216.5,kept,216.5
217,kept,217
217.5,kept,217.5
218,kept,218
218.5,kept,218.5
219,kept,219
219.5,kept,219.5
220,kept,220
220.5,kept,220.5
221,kept,221
221.5,kept,221.5
222,kept,222
222.5,kept,222.5
223,kept,223
223.5,kept,223.5
224,kept,224
224.5,kept,224.5
225,kept,225
225.5,kept,225.5
226,kept,226
226.5,kept,226.5
227,kept,227
227.5,kept,227.5
228,kept,228
228.5,kept,228.5
229,kept,229
229.5,kept,229.5
230,kept,230
230.5,kept,230.5
231,kept,231
231.5,kept,231.5
232,kept,232
232.5,kept,232.5
233,kept,233
233.5,kept,233.5
234,kept,234
234.5,kept,234.5
235,kept,235
235.5,kept,235.5
236,kept,236
236.5,kept,236.5
237,kept,237
237.5,kept,237.5
238,kept,238
238.5,kept,238.5
239,kept,239
239.5,kept,239.5
240,kept,240
240.5,kept,240.5
241,kept,241
241.5,kept,241.5
242,kept,242
242.5,kept,242.5
243,kept,243
243.5,kept,243.5
244,kept,244
244.5,kept,244.5
245,kept,245
245.5,kept,245.5
246,kept,246
246.5,kept,246.5
247,kept,247
247.5,kept,247.5
248,kept,248
248.5,kept,248.5
249,kept,249
249.5,kept,249.5
250,kept,250
250.5,kept,250.5
251,kept,251
251.5,kept,251.5
252,kept,252
252.5,kept,252.5
253,kept,253
253.5,kept,253.5
254,kept,254
254.5,kept,254.5
255,kept,255
255.5,kept,255.5
256,kept,256
256.5,kept,256.5
257,kept,257
257.5,kept,257.5
258,kept,258
258.5,kept,258.5
259,kept,259
259.5,kept,259.5
260,kept,260
260.5,kept,260.5
261,kept,261
261.5,kept,261.5
262,kept,262
262.5,kept,262.5
263,kept,263
263.5,kept,263.5
264,kept,264
264.5,kept,264.5
265,kept,265
265.5,kept,265.5
266,kept,266
266.5,kept,266.5
267,kept,267
267.5,kept,267.5
268,kept,268
268.5,kept,268.5
269,kept,269
269.5,kept,269.5
270,kept,270
270.5,kept,270.5
271,kept,271
271.5,kept,271.5
272,kept,272
272.5,kept,272.5
273,kept,273
273.5,kept,273.5
274,kept,274
274.5,kept,274.5
275,kept,275
275.5,kept,275.5
276,kept,276
276.5,kept,276.5
277,kept,277
277.5,kept,277.5
278,kept,278
278.5,kept,278.5
279,kept,279
279.5,kept,279.5
280,kept,280
280.5,kept,280.5
281,kept,281
281.5,kept,281.5
282,kept,282
282.5,kept,282.5
283,kept,283
283.5,kept,283.5
284,kept,284
284.5,kept,284.5
285,kept,285
285.5,kept,285.5
286,kept,286
286.5,kept,286.5
287,kept,287
287.5,kept,287.5
288,kept,288
288.5,kept,288.5
289,kept,289
289.5,kept,289.5
290,kept,290
290.5,kept,290.5
291,kept,291
291.5,kept,291.5
292,kept,292
292.5,kept,292.5
293,kept,293
293.5,kept,293.5
294,kept,294
294.5,kept,294.5
295,kept,295
295.5,kept,295.5
296,kept,296
296.5,kept,296.5
297,kept,297
297.5,kept,297.5
298,kept,298
298.5,kept,298.5
299,kept,299
299.5,kept,299.5
300,kept,300
300.5,kept,300.5
301,kept,301
301.5,kept,301.5
302,kept,302
302.5,kept,302.5
303,kept,303
303.5,kept,303.5
304,kept,304
304.5,kept,304.5
305,kept,305
305.5,kept,305.5
306,kept,306
306.5,kept,306.5
307,kept,307
307.5,kept,307.5
308,kept,308
308.5,kept,308.5
309,kept,309
309.5,kept,309.5
310,kept,310
310.5,kept,310.5
311,kept,311
311.5,kept,311.5
312,kept,312
312.5,kept,312.5
313,kept,313
313.5,kept,313.5
314,kept,314
314.5,kept,314.5
315,kept,315
315.5,kept,315.5
316,kept,316
316.5,kept,316.5
317,kept,317
317.5,kept,317.5
318,kept,318
318.5,kept,318.5
319,kept,319
319.5,kept,319.5
320,kept,320
320.5,kept,320.5
321,kept,321
321.5,kept,321.5
322,kept,322
322.5,kept,322.5
323,kept,323
323.5,kept,323.5
324,kept,324
324.5,kept,324.5
325,kept,325
325.5,kept,325.5
326,kept,326
326.5,kept,326.5
327,kept,327
327.5,kept,327.5
328,kept,328
328.5,kept,328.5
329,kept,329
329.5,kept,329.5
330,kept,330
330.5,kept,330.5
331,kept,331
331.5,kept,331.5
332,kept,332
332.5,kept,332.5
333,kept,333
333.5,kept,333.5
334,kept,334
334.5,kept,334.5
335,kept,335
335.5,kept,335.5
336,kept,336
336.5,kept,336.5
337,kept,337
337.5,kept,337.5
338,kept,338
338.5,kept,338.5
339,kept,339
339.5,kept,339.5
340,kept,340
340.5,kept,340.5
341,kept,341
341.5,kept,341.5
342,kept,342
342.5,kept,342.5
343,kept,343
343.5,kept,343.5
344,kept,344
344.5,kept,344.5
345,kept,345
345.5,kept,345.5
346,kept,346
346.5,kept,346.5
347,kept,347
347.5,kept,347.5
348,kept,348
348.5,kept,348.5
349,kept,349
349.5,kept,349.5
350,kept,350
350.5,kept,350.5
351,kept,351
351.5,kept,351.5
352,kept,352
352.5,kept,352.5
353,kept,353
353.5,kept,353.5
354,kept,354
354.5,kept,354.5
355,kept,355
355.5,kept,355.5
356,kept,356
356.5,kept,356.5
357,kept,357
357.5,kept,357.5
358,kept,358
358.5,kept,358.5
359,kept,359
359.5,kept,359.5
360,kept,360
360.5,kept,360.5
361,kept,361
361.5,kept,361.5
362,kept,362
362.5,kept,362.5
363,kept,363
363.5,kept,363.5
364,kept,364
364.5,kept,364.5
365,kept,365
365.5,kept,365.5
366,kept,366
366.5,kept,366.5
367,kept,367
367.5,kept,367.5
368,kept,368
368.5,kept,368.5
369,kept,369
369.5,kept,369.5
370,kept,370
370.5,kept,370.5
371,kept,371
371.5,kept,371.5
372,kept,372
372.5,kept,372.5
373,kept,373
373.5,kept,373.5
374,kept,374
374.5,kept,374.5
375,kept,375
375.5,kept,375.5
376,kept,376
376.5,kept,376.5
377,kept,377
377.5,kept,377.5
378,kept,378
378.5,kept,378.5
379,kept,379
379.5,kept,379.5
380,kept,380
380.5,kept,380.5
381,kept,381
381.5,kept,381.5
382,kept,382
382.5,kept,382.5
383,kept,383
383.5,kept,383.5
384,kept,384
384.5,kept,384.5
385,kept,385
385.5,kept,385.5
386,kept,386
386.5,kept,386.5
387,kept,387
387.5,kept,387.5
388,kept,388
388.5,kept,388.5
389,kept,389
389.5,kept,389.5
390,kept,390
390.5,kept,390.5
391,kept,391
391.5,kept,391.5
392,kept,392
392.5,kept,392.5
393,kept,393
393.5,kept,393.5
394,kept,394
394.5,kept,394.5
395,kept,395
395.5,kept,395.5
396,kept,396
396.5,kept,396.5
397,kept,397
397.5,kept,397.5
398,kept,398
398.5,kept,398.5
399,kept,399
399.5,kept,399.5
400,kept,400
400.5,kept,400.5
401,kept,401
401.5,kept,401.5
402,kept,402
402.5,kept,402.5
403,kept,403
403.5,kept,403.5
404,kept,404
404.5,kept,404.5
405,kept,405
405.5,kept,405.5
406,kept,406
406.5,kept,406.5
407,kept,407
407.5,kept,407.5
408,kept,408
408.5,kept,408.5
409,kept,409
409.5,kept,409.5
410,kept,410
410.5,kept,410.5
411,kept,411
411.5,kept,411.5
412,kept,412
412.5,kept,412.5
413,kept,413
413.5,kept,413.5
414,kept,414
414.5,kept,414.5
415,kept,415
415.5,kept,415.5
416,kept,416
416.5,kept,416.5
417,kept,417
417.5,kept,417.5
418,kept,418
418.5,kept,418.5
419,kept,419
419.5,kept,419.5
420,kept,420
420.5,kept,420.5
421,kept,421
421.5,kept,421.5
422,kept,422
422.5,kept,422.5
423,kept,423
423.5,kept,423.5
424,kept,424
424.5,kept,424.5
425,kept,425
425.5,kept,425.5
426,kept,426
426.5,kept,426.5
427,kept,427
427.5,kept,427.5
428,kept,428
428.5,kept,428.5
429,kept,429
429.5,kept,429.5
430,kept,430
430.5,kept,430.5
431,kept,431
431.5,kept,431.5
432,kept,432
432.5,kept,432.5
433,kept,433
433.5,kept,433.5
434,kept,434
434.5,kept,434.5
435,kept,435
435.5,kept,435.5
436,kept,436
436.5,kept,436.5
437,kept,437
437.5,kept,437.5
438,kept,438
438.5,kept,438.5
439,kept,439
439.5,kept,439.5
440,kept,440
440.5,kept,440.5
441,kept,441
441.5,kept,441.5
442,kept,442
442.5,kept,442.5
443,kept,443
443.5,kept,443.5
444,kept,444
444.5,kept,444.5
445,kept,445
445.5,kept,445.5
446,kept,446
446.5,kept,446.5
447,kept,447
447.5,kept,447.5
448,kept,448
448.5,kept,448.5
449,kept,449
449.5,kept,449.5
450,kept,450
450.5,kept,450.5
451,kept,451
451.5,kept,451.5
452,kept,452
452.5,kept,452.5
453,kept,453
453.5,kept,453.5
454,kept,454
454.5,kept,454.5
455,kept,455
455.5,kept,455.5
456,kept,456
456.5,kept,456.5
457,kept,457
457.5,kept,457.5
458,kept,458
458.5,kept,458.5
459,kept,459
459.5,kept,459.5
460,kept,460
460.5,kept,460.5
461,kept,461
461.5,kept,461.5
462,kept,462
462.5,kept,462.5
463,kept,463
463.5,kept,463.5
464,kept,464
464.5,kept,464.5
465,kept,465
465.5,kept,465.5
466,kept,466
466.5,kept,466.5
467,kept,467
467.5,kept,467.5
468,kept,468
468.5,kept,468.5
469,kept,469
469.5,kept,469.5
470,kept,470
470.5,kept,470.5
471,kept,471
471.5,kept,471.5
472,kept,472
472.5,kept,472.5
473,kept,473
473.5,kept,473.5
474,kept,474
474.5,kept,474.5
475,kept,475
475.5,kept,475.5
476,kept,476
476.5,kept,476.5
477,kept,477
477.5,kept,477.5
478,kept,478
478.5,kept,478.5
479,kept,479
479.5,kept,479.5
480,kept,480
480.5,kept,480.5
481,kept,481
481.5,kept,481.5
482,kept,482
482.5,kept,482.5
483,kept,483
483.5,kept,483.5
484,kept,484
484.5,kept,484.5
485,kept,485
485.5,kept,485.5
486,kept,486
486.5,kept,486.5
487,kept,487
487.5,kept,487.5
488,kept,488
488.5,kept,488.5
489,kept,489
489.5,kept,489.5
490,kept,490
490.5,kept,490.5
491,kept,491
491.5,kept,491.5
492,kept,492
492.5,kept,492.5
493,kept,493
493.5,kept,493.5
494,kept,494
494.5,kept,494.5
495,kept,495
495.5,kept,495.5
496,kept,496
496.5,kept,496.5
497,kept,497
497.5,kept,497.5
498,kept,498
498.5,kept,498.5
499,kept,499
499.5,kept,499.5
500,kept,500
500.5,kept,500.5
501,kept,501
501.5,kept,501.5
502,kept,502
502.5,kept,502.5
503,kept,503
503.5,kept,503.5
504,kept,504
504.5,kept,504.5
505,kept,505
505.5,kept,505.5
506,kept,506
506.5,kept,506.5
507,kept,507
507.5,kept,507.5
508,kept,508
508.5,kept,508.5
509,kept,509
509.5,kept,509.5
510,kept,510
510.5,kept,510.5
511,kept,511
511.5,kept,511.5
512,kept,512
512.5,kept,512.5
513,kept,513
513.5,kept,513.5
514,kept,514
514.5,kept,514.5
515,kept,515
515.5,kept,515.5
516,kept,516
516.5,kept,516.5
517,kept,517
517.5,kept,517.5
518,kept,518
518.5,kept,518.5
519,kept,519
519.5,kept,519.5
520,kept,520
520.5,kept,520.5
521,kept,521
521.5,kept,521.5
522,kept,522
522.5,kept,522.5
523,kept,523
523.5,kept,523.5
524,kept,524
524.5,kept,524.5
525,kept,525
525.5,kept,525.5
526,kept,526
526.5,kept,526.5
527,kept,527
527.5,kept,527.5
528,kept,528
528.5,kept,528.5
529,kept,529
529.5,kept,529.5
530,kept,530
530.5,kept,530.5
531,kept,531
531.5,kept,531.5
532,kept,532
532.5,kept,532.5
533,kept,533
533.5,kept,533.5
534,kept,534
534.5,kept,534.5
535,kept,535
535.5,kept,535.5
536,kept,536
536.5,kept,536.5
537,kept,537
537.5,kept,537.5
538,kept,538
538.5,kept,538.5
539,kept,539
539.5,kept,539.5
540,kept,540
540.5,kept,540.5
541,kept,541
541.5,kept,541.5
542,kept,542
542.5,kept,542.5
543,kept,543
543.5,kept,543.5
544,kept,544
544.5,kept,544.5
545,kept,545
545.5,kept,545.5
546,kept,546
546.5,kept,546.5
547,kept,547
547.5,kept,547.5
548,kept,548
548.5,kept,548.5
549,kept,549
549.5,kept,549.5
550,kept,550
550.5,kept,550.5
551,kept,551
551.5,kept,551.5
552,kept,552
552.5,kept,552.5
553,kept,553
553.5,kept,553.5
554,kept,554
554.5,kept,554.5
555,kept,555
555.5,kept,555.5
556,kept,556
556.5,kept,556.5
557,kept,557
557.5,kept,557.5
558,kept,558
558.5,kept,558.5
559,kept,559
559.5,kept,559.5
560,kept,560
560.5,kept,560.5
561,kept,561
561.5,kept,561.5
562,kept,562
562.5,kept,562.5
563,kept,563
563.5,kept,563.5
564,kept,564
564.5,kept,564.5
565,kept,565
565.5,kept,565.5
566,kept,566
566.5,kept,566.5
567,kept,567
567.5,kept,567.5
568,kept,568
568.5,kept,568.5
569,kept,569
569.5,kept,569.5
570,kept,570
570.5,kept,570.5
571,kept,571
571.5,kept,571.5
572,kept,572
572.5,kept,572.5
573,kept,573
573.5,kept,573.5
574,kept,574
574.5,kept,574.5
575,kept,575
575.5,kept,575.5
576,kept,576
576.5,kept,576.5
577,kept,577
577.5,kept,577.5
578,kept,578
578.5,kept,578.5
579,kept,579
579.5,kept,579.5
580,kept,580
580.5,kept,580.5
581,kept,581
581.5,kept,581.5
582,kept,582
582.5,kept,582.5
583,kept,583
583.5,kept,583.5
584,kept,584
584.5,kept,584.5
585,kept,585
585.5,kept,585.5
586,kept,586
586.5,kept,586.5
587,kept,587
587.5,kept,587.5
588,kept,588
588.5,kept,588.5
589,kept,589
589.5,kept,589.5
590,kept,590
590.5,kept,590.5
591,kept,591
591.5,kept,591.5
592,kept,592
592.5,kept,592.5
593,kept,593
593.5,kept,593.5
594,kept,594
594.5,kept,594.5
595,kept,595
595.5,kept,595.5
596,kept,596
596.5,kept,596.5
597,kept,597
597.5,kept,597.5
598,kept,598
598.5,kept,598.5
599,kept,599
599.5,kept,599.5
600,kept,600
600.5,kept,600.5
601,kept,601
601.5,kept,601.5
602,kept,602
602.5,kept,602.5
603,kept,603
603.5,kept,603.5
604,kept,604
604.5,kept,604.5
605,kept,605
605.5,kept,605.5
606,kept,606
606.5,kept,606.5
607,kept,607
607.5,kept,607.5
608,kept,608
608.5,kept,608.5
609,kept,609
609.5,kept,609.5
610,kept,610
610.5,kept,610.5
611,kept,611
611.5,kept,611.5
612,kept,612
612.5,kept,612.5
613,kept,613
613.5,kept,613.5
614,kept,614
614.5,kept,614.5
615,kept,615
615.5,kept,615.5
616,kept,616
616.5,kept,616.5
617,kept,617
617.5,kept,617.5
618,kept,618
618.5,kept,618.5
619,kept,619
619.5,kept,619.5
620,kept,620
620.5,kept,620.5
621,kept,621
621.5,kept,621.5
622,kept,622
622.5,kept,622.5
623,kept,623
623.5,kept,623.5
624,kept,624
624.5,kept,624.5
625,kept,625
625.5,kept,625.5
626,kept,626
626.5,kept,626.5
627,kept,627
627.5,kept,627.5
628,kept,628
628.5,kept,628.5
629,kept,629
629.5,kept,629.5
630,kept,630
630.5,kept,630.5
631,kept,631
631.5,kept,631.5
632,kept,632
632.5,kept,632.5
633,kept,633
633.5,kept,633.5
634,kept,634
634.5,kept,634.5
635,kept,635
635.5,kept,635.5
636,kept,636
636.5,kept,636.5
637,kept,637
637.5,kept,637.5
638,kept,638
638.5,kept,638.5
639,kept,639
639.5,kept,639.5
640,kept,640
640.5,kept,640.5
641,kept,641
641.5,kept,641.5
642,kept,642
642.5,kept,642.5
643,kept,643
643.5,kept,643.5
644,kept,644
644.5,kept,644.5
645,kept,645
645.5,kept,645.5
646,kept,646
646.5,kept,646.5
647,kept,647
647.5,kept,647.5
648,kept,648
648.5,kept,648.5
649,kept,649
649.5,kept,649.5
650,kept,650
650.5,kept,650.5
651,kept,651
651.5,kept,651.5
652,kept,652
652.5,kept,652.5
653,kept,653
653.5,kept,653.5
654,kept,654
654.5,kept,654.5
655,kept,655
655.5,kept,655.5
656,kept,656
656.5,kept,656.5
657,kept,657
657.5,kept,657.5
658,kept,658
658.5,kept,658.5
659,kept,659
659.5,kept,659.5
660,kept,660
660.5,kept,660.5
661,kept,661
661.5,kept,661.5
662,kept,662
662.5,kept,662.5
663,kept,663
663.5,kept,663.5
664,kept,664
664.5,kept,664.5
665,kept,665
665.5,kept,665.5
666,kept,666
666.5,kept,666.5
667,kept,667
667.5,kept,667.5
668,kept,668
668.5,kept,668.5
669,kept,669
669.5,kept,669.5
670,kept,670
670.5,kept,670.5
671,kept,671
671.5,kept,671.5
672,kept,672
672.5,kept,672.5
673,kept,673
673.5,kept,673.5
674,kept,674
674.5,kept,674.5
675,kept,675
675.5,kept,675.5
676,kept,676
676.5,kept,676.5
677,kept,677
677.5,kept,677.5
678,kept,678
678.5,kept,678.5
679,kept,679
679.5,kept,679.5
680,kept,680
680.5,kept,680.5
681,kept,681
681.5,kept,681.5
682,kept,682
682.5,kept,682.5
683,kept,683
683.5,kept,683.5
684,kept,684
684.5,kept,684.5
685,kept,685
685.5,kept,685.5
686,kept,686
686.5,kept,686.5
687,kept,687
687.5,kept,687.5
688,kept,688
688.5,kept,688.5
689,kept,689
689.5,kept,689.5
690,kept,690
690.5,kept,690.5
691,kept,691
691.5,kept,691.5
692,kept,692
692.5,kept,692.5
693,kept,693
693.5,kept,693.5
694,kept,694
694.5,kept,694.5
695,kept,695
695.5,kept,695.5
696,kept,696
696.5,kept,696.5
697,kept,697
697.5,kept,697.5
698,kept,698
698.5,kept,698.5
699,kept,699
699.5,kept,699.5
700,kept,700
700.5,kept,700.5
701,kept,701
701.5,kept,701.5
702,kept,702
702.5,kept,702.5
703,kept,703
703.5,kept,703.5
704,kept,704
704.5,kept,704.5
705,kept,705
705.5,kept,705.5
706,kept,706
706.5,kept,706.5
707,kept,707
707.5,kept,707.5
708,kept,708
708.5,kept,708.5
709,kept,709
709.5,kept,709.5
710,kept,710
710.5,kept,710.5
711,kept,711
711.5,kept,711.5
712,kept,712
712.5,kept,712.5
713,kept,713
713.5,kept,713.5
714,kept,714
714.5,kept,714.5
715,kept,715
715.5,kept,715.5
716,kept,716
716.5,kept,716.5
717,kept,717
717.5,kept,717.5
718,kept,718
718.5,kept,718.5
719,kept,719
719.5,kept,719.5
720,kept,720
720.5,kept,720.5
721,kept,721
721.5,kept,721.5
722,kept,722
722.5,kept,722.5
723,kept,723
723.5,kept,723.5
724,kept,724
724.5,kept,724.5
725,kept,725
725.5,kept,725.5
726,kept,726
726.5,kept,726.5
727,kept,727
727.5,kept,727.5
728,kept,728
728.5,kept,728.5
729,kept,729
729.5,kept,729.5
730,kept,730
730.5,kept,730.5
731,kept,731
731.5,kept,731.5
732,kept,732
732.5,kept,732.5
733,kept,733
733.5,kept,733.5
734,kept,734
734.5,kept,734.5
735,kept,735
735.5,kept,735.5
736,kept,736
736.5,kept,736.5
737,kept,737
737.5,kept,737.5
738,kept,738
738.5,kept,738.5
739,kept,739
739.5,kept,739.5
740,kept,740
740.5,kept,740.5
741,kept,741
741.5,kept,741.5
742,kept,742
742.5,kept,742.5
743,kept,743
743.5,kept,743.5
744,kept,744
744.5,kept,744.5
745,kept,745
745.5,kept,745.5
746,kept,746
746.5,kept,746.5
747,kept,747
747.5,kept,747.5
748,kept,748
748.5,kept,748.5
749,kept,749
749.5,kept,749.5
750,kept,750
750.5,kept,750.5
751,kept,751
751.5,kept,751.5
752,kept,752
752.5,kept,752.5
753,kept,753
753.5,kept,753.5
754,kept,754
754.5,kept,754.5
755,kept,755
755.5,kept,755.5
756,kept,756
756.5,kept,756.5
757,kept,757
757.5,kept,757.5
758,kept,758
758.5,kept,758.5
759,kept,759
759.5,kept,759.5
760,kept,760
760.5,kept,760.5
761,kept,761
761.5,kept,761.5
762,kept,762
762.5,kept,762.5
763,kept,763
763.5,kept,763.5
764,kept,764
764.5,kept,764.5
765,kept,765
765.5,kept,765.5
766,kept,766
766.5,kept,766.5
767,kept,767
767.5,kept,767.5
768,kept,768
768.5,kept,768.5
769,kept,769
769.5,kept,769.5
770,kept,770
770.5,kept,770.5
771,kept,771
771.5,kept,771.5
772,kept,772
772.5,kept,772.5
773,kept,773
773.5,kept,773.5
774,kept,774
774.5,kept,774.5
775,kept,775
775.5,kept,775.5
776,kept,776
776.5,kept,776.5
777,kept,777
777.5,kept,777.5
778,kept,778
778.5,kept,778.5
779,kept,779
779.5,kept,779.5
780,kept,780
780.5,kept,780.5
781,kept,781
781.5,kept,781.5
782,kept,782
782.5,kept,782.5
783,kept,783
783.5,kept,783.5
784,kept,784
784.5,kept,784.5
785,kept,785
785.5,kept,785.5
786,kept,786
786.5,kept,786.5
787,kept,787
787.5,kept,787.5
788,kept,788
788.5,kept,788.5
789,kept,789
789.5,kept,789.5
790,kept,790
790.5,kept,790.5
791,kept,791
791.5,kept,791.5
792,kept,792
792.5,kept,792.5
793,kept,793
793.5,kept,793.5
794,kept,794
794.5,kept,794.5
795,kept,795
795.5,kept,795.5
796,kept,796
796.5,kept,796.5
797,kept,797
797.5,kept,797.5
798,kept,798
798.5,kept,798.5
799,kept,799
799.5,kept,799.5
800,kept,800
800.5,kept,800.5
801,kept,801
801.5,kept,801.5
802,kept,802
802.5,kept,802.5
803,kept,803
803.5,kept,803.5
804,kept,804
804.5,kept,804.5
805,kept,805
805.5,kept,805.5
806,kept,806
806.5,kept,806.5
807,kept,807
807.5,kept,807.5
808,kept,808
808.5,kept,808.5
809,kept,809
809.5,kept,809.5
810,kept,810
810.5,kept,810.5
811,kept,811
811.5,kept,811.5
812,kept,812
812.5,kept,812.5
813,kept,813
813.5,kept,813.5
814,kept,814
814.5,kept,814.5
815,kept,815
815.5,kept,815.5
816,kept,816
816.5,kept,816.5
817,kept,817
817.5,kept,817.5
818,kept,818
818.5,kept,818.5
819,kept,819
819.5,kept,819.5
820,kept,820
820.5,kept,820.5
821,kept,821
821.5,kept,821.5
822,kept,822
822.5,kept,822.5
823,kept,823
823.5,kept,823.5
824,kept,824
824.5,kept,824.5
825,kept,825
825.5,kept,825.5
826,kept,826
826.5,kept,826.5
827,kept,827
827.5,kept,827.5
828,kept,828
828.5,kept,828.5
829,kept,829
829.5,kept,829.5
830,kept,830
830.5,kept,830.5
831,kept,831
831.5,kept,831.5
832,kept,832
832.5,kept,832.5
833,kept,833
833.5,kept,833.5
834,kept,834
834.5,kept,834.5
835,kept,835
835.5,kept,835.5
836,kept,836
836.5,kept,836.5
837,kept,837
837.5,kept,837.5
838,kept,838
838.5,kept,838.5
839,kept,839
839.5,kept,839.5
840,kept,840
840.5,kept,840.5
841,kept,841
841.5,kept,841.5
842,kept,842
842.5,kept,842.5
843,kept,843
843.5,kept,843.5
844,kept,844
844.5,kept,844.5
845,kept,845
845.5,kept,845.5
846,kept,846
846.5,kept,846.5
847,kept,847
847.5,kept,847.5
848,kept,848
848.5,kept,848.5
849,kept,849
849.5,kept,849.5
850,kept,850
850.5,kept,850.5
851,kept,851
851.5,kept,851.5
852,kept,852
852.5,kept,852.5
853,kept,853
853.5,kept,853.5
854,kept,854
854.5,kept,854.5
855,kept,855
855.5,kept,855.5
856,kept,856
856.5,kept,856.5
857,kept,857
857.5,kept,857.5
858,kept,858
858.5,kept,858.5
859,kept,859
859.5,kept,859.5
860,kept,860
860.5,kept,860.5
861,kept,861
861.5,kept,861.5
862,kept,862
862.5,kept,862.5
863,kept,863
863.5,kept,863.5
864,kept,864
864.5,kept,864.5
865,kept,865
865.5,kept,865.5
866,kept,866
866.5,kept,866.5
867,kept,867
867.5,kept,867.5
868,kept,868
868.5,kept,868.5
869,kept,869
869.5,kept,869.5
870,kept,870
870.5,kept,870.5
871,kept,871
871.5,kept,871.5
872,kept,872
872.5,kept,872.5
873,kept,873
873.5,kept,873.5
874,kept,874
874.5,kept,874.5
875,kept,875
875.5,kept,875.5
876,kept,876
876.5,kept,876.5
877,kept,877
877.5,kept,877.5
878,kept,878
878.5,kept,878.5
879,kept,879
879.5,kept,879.5
880,kept,880
880.5,kept,880.5
881,kept,881
881.5,kept,881.5
882,kept,882
882.5,kept,882.5
883,kept,883
883.5,kept,883.5
884,kept,884
884.5,kept,884.5
885,kept,885
885.5,kept,885.5
886,kept,886
886.5,kept,886.5
887,kept,887
887.5,kept,887.5
888,kept,888
888.5,kept,888.5
889,kept,889
889.5,kept,889.5
890,kept,890
890.5,kept,890.5
891,kept,891
891.5,kept,891.5
892,kept,892
892.5,kept,892.5
893,kept,893
893.5,kept,893.5
894,kept,894
894.5,kept,894.5
895,kept,895
895.5,kept,895.5
896,kept,896
896.5,kept,896.5
897,kept,897
897.5,kept,897.5
898,kept,898
898.5,kept,898.5
899,kept,899
899.5,kept,899.5
900,kept,900
900.5,kept,900.5
901,kept,901
901.5,kept,901.5
902,kept,902
902.5,kept,902.5
903,kept,903
903.5,kept,903.5
904,kept,904
904.5,kept,904.5
905,kept,905
905.5,kept,905.5
906,kept,906
906.5,kept,906.5
907,kept,907
907.5,kept,907.5
908,kept,908
908.5,kept,908.5
909,kept,909
909.5,kept,909.5
910,kept,910
910.5,kept,910.5
911,kept,911
911.5,kept,911.5
912,kept,912
912.5,kept,912.5
913,kept,913
913.5,kept,913.5
914,kept,914
914.5,kept,914.5
915,kept,915
915.5,kept,915.5
916,kept,916
916.5,kept,916.5
917,kept,917
917.5,kept,917.5
918,kept,918
918.5,kept,918.5
919,kept,919
919.5,kept,919.5
920,kept,920
920.5,kept,920.5
921,kept,921
921.5,kept,921.5
922,kept,922
922.5,kept,922.5
923,kept,923
923.5,kept,923.5
924,kept,924
924.5,kept,924.5
925,kept,925
925.5,kept,925.5
926,kept,926
926.5,kept,926.5
927,kept,927
927.5,kept,927.5
928,kept,928
928.5,kept,928.5
929,kept,929
929.5,kept,929.5
930,kept,930
930.5,kept,930.5
931,kept,931
931.5,kept,931.5
932,kept,932
932.5,kept,932.5
933,kept,933
933.5,kept,933.5
934,kept,934
934.5,kept,934.5
935,kept,935
935.5,kept,935.5
936,kept,936
936.5,kept,936.5
937,kept,937
937.5,kept,937.5
938,kept,938
938.5,kept,938.5
939,kept,939
939.5,kept,939.5
940,kept,940
940.5,kept,940.5
941,kept,941
941.5,kept,941.5
942,kept,942
942.5,kept,942.5
943,kept,943
943.5,kept,943.5
944,kept,944
944.5,kept,944.5
945,kept,945
945.5,kept,945.5
946,kept,946
946.5,kept,946.5
947,kept,947
947.5,kept,947.5
948,kept,948
948.5,kept,948.5
949,kept,949
949.5,kept,949.5
950,kept,950
950.5,kept,950.5
951,kept,951
951.5,kept,951.5
952,kept,952
952.5,kept,952.5
953,kept,953
953.5,kept,953.5
954,kept,954
954.5,kept,954.5
955,kept,955
955.5,kept,955.5
956,kept,956
956.5,kept,956.5
957,kept,957
957.5,kept,957.5
958,kept,958
958.5,kept,958.5
959,kept,959
959.5,kept,959.5
960,kept,960
960.5,kept,960.5
961,kept,961
961.5,kept,961.5
962,kept,962
962.5,kept,962.5
963,kept,963
963.5,kept,963.5
964,kept,964
964.5,kept,964.5
965,kept,965
965.5,kept,965.5
966,kept,966
966.5,kept,966.5
967,kept,967
967.5,kept,967.5
968,kept,968
968.5,kept,968.5
969,kept,969
969.5,kept,969.5
970,kept,970
970.5,kept,970.5
971,kept,971
971.5,kept,971.5
972,kept,972
972.5,kept,972.5
973,kept,973
973.5,kept,973.5
974,kept,974
974.5,kept,974.5
975,kept,975
975.5,kept,975.5
976,kept,976
976.5,kept,976.5
977,kept,977
977.5,kept,977.5
978,kept,978
978.5,kept,978.5
979,kept,979
979.5,kept,979.5
980,kept,980
980.5,kept,980.5
981,kept,981
981.5,kept,981.5
982,kept,982
982.5,kept,982.5
983,kept,983
983.5,kept,983.5
984,kept,984
984.5,kept,984.5
985,kept,985
985.5,kept,985.5
986,kept,986
986.5,kept,986.5
987,kept,987
987.5,kept,987.5
988,kept,988
988.5,kept,988.5
989,kept,989
989.5,kept,989.5
990,kept,990
990.5,kept,990.5
991,kept,991
991.5,kept,991.5
992,kept,992
992.5,kept,992.5
993,kept,993
993.5,kept,993.5
994,kept,994
994.5,kept,994.5
995,kept,995
995.5,kept,995.5
996,kept,996
996.5,kept,996.5
997,kept,997
997.5,kept,997.5
998,kept,998
998.5,kept,998.5
999,kept,999
999.5,kept,999.5
1000,kept,1000
1000.5,kept,1000.5
1001,kept,1001
1001.5,kept,1001.5
1002,kept,1002
1002.5,kept,1002.5
1003,kept,1003
1003.5,kept,1003.5
1004,kept,1004
1004.5,kept,1004.5
1005,kept,1005
1005.5,kept,1005.5
1006,kept,1006
1006.5,kept,1006.5
1007,kept,1007
1007.5,kept,1007.5
1008,kept,1008
1008.5,kept,1008.5
1009,kept,1009
1009.5,kept,1009.5
1010,kept,1010
1010.5,kept,1010.5
1011,kept,1011
1011.5,kept,1011.5
1012,kept,1012
1012.5,kept,1012.5
1013,kept,1013
1013.5,kept,1013.5
1014,kept,1014
1014.5,kept,1014.5
1015,kept,1015
1015.5,kept,1015.5
1016,kept,1016
1016.5,kept,1016.5
1017,kept,1017
1017.5,kept,1017.5
1018,kept,1018
1018.5,kept,1018.5
1019,kept,1019
1019.5,kept,1019.5
1020,kept,1020
1020.5,kept,1020.5
1021,kept,1021
1021.5,kept,1021.5
1022,kept,1022
1022.5,kept,1022.5
1023,kept,1023
1023.5,kept,1023.5
1024,kept,1024
1024.5,kept,1024.5
1025,kept,1025
1025.5,kept,1025.5
1026,kept,1026
1026.5,kept,1026.5
1027,kept,1027
1027.5,kept,1027.5
1028,kept,1028
1028.5,kept,1028.5
1029,kept,1029
1029.5,kept,1029.5
1030,kept,1030
1030.5,kept,1030.5
1031,kept,1031
1031.5,kept,1031.5
1032,kept,1032
1032.5,kept,1032.5
1033,kept,1033
1033.5,kept,1033.5
1034,kept,1034
1034.5,kept,1034.5
1035,kept,1035
1035.5,kept,1035.5
1036,kept,1036
1036.5,kept,1036.5
1037,kept,1037
1037.5,kept,1037.5
1038,kept,1038
1038.5,kept,1038.5
1039,kept,1039
1039.5,kept,1039.5
1040,kept,1040
1040.5,kept,1040.5
1041,kept,1041
1041.5,kept,1041.5
1042,kept,1042
1042.5,kept,1042.5
1043,kept,1043
1043.5,kept,1043.5
1044,kept,1044
1044.5,kept,1044.5
1045,kept,1045
1045.5,kept,1045.5
1046,kept,1046
1046.5,kept,1046.5
1047,kept,1047
1047.5,kept,1047.5
1048,kept,1048
1048.5,kept,1048.5
1049,kept,1049
1049.5,kept,1049.5
1050,kept,1050
1050.5,kept,1050.5
1051,kept,1051
1051.5,kept,1051.5
1052,kept,1052
1052.5,kept,1052.5
1053,kept,1053
1053.5,kept,1053.5
1054,kept,1054
1054.5,kept,1054.5
1055,kept,1055
1055.5,kept,1055.5
1056,kept,1056
1056.5,kept,1056.5
1057,kept,1057
1057.5,kept,1057.5
1058,kept,1058
1058.5,kept,1058.5
1059,kept,1059
1059.5,kept,1059.5
1060,kept,1060
1060.5,kept,1060.5
1061,kept,1061
1061.5,kept,1061.5
1062,kept,1062
1062.5,kept,1062.5
1063,kept,1063
1063.5,kept,1063.5
1064,kept,1064
1064.5,kept,1064.5
1065,kept,1065
1065.5,kept,1065.5
1066,kept,1066
1066.5,kept,1066.5
1067,kept,1067
1067.5,kept,1067.5
1068,kept,1068
1068.5,kept,1068.5
1069,kept,1069
1069.5,kept,1069.5
1070,kept,1070
1070.5,kept,1070.5
1071,kept,1071
1071.5,kept,1071.5
1072,kept,1072
1072.5,kept,1072.5
1073,kept,1073
1073.5,kept,1073.5
1074,removed,1073.5
1074.5,removed,1073.5
1075,removed,1073.5
1075.5,removed,1073.5
1076,removed,1073.5
1076.5,removed,1073.5
1077,removed,1073.5
1077.5,removed,1073.5
1078,removed,1073.5
1078.5,removed,1073.5
1079,removed,1073.5
1079.5,removed,1073.5
1080,removed,1073.5
1080.5,removed,1073.5
1081,removed,1073.5
1081.5,removed,1073.5
1082,removed,1073.5
1082.5,removed,1073.5
1083,removed,1073.5
1083.5,removed,1073.5
1084,removed,1073.5
1084.5,removed,1073.5
1085,removed,1073.5
1085.5,removed,1073.5
1086,removed,1073.5
1086.5,removed,1073.5
1087,removed,1073.5
1087.5,removed,1073.5
1088,removed,1073.5
1088.5,removed,1073.5
1089,removed,1073.5
1089.5,removed,1073.5
1090,removed,1073.5
1090.5,removed,1073.5
1091,removed,1073.5
1091.5,removed,1073.5
1092,removed,1073.5
1092.5,removed,1073.5
1093,removed,1073.5
1093.5,removed,1073.5
1094,removed,1073.5
1094.5,removed,1073.5
1095,removed,1073.5
1095.5,removed,1073.5
1096,removed,1073.5
1096.5,removed,1073.5
1097,removed,1073.5
1097.5,removed,1073.5
1098,removed,1073.5
1098.5,removed,1073.5
1099,removed,1073.5
1099.5,removed,1073.5
1100,removed,1073.5
1100.5,removed,1073.5
1101,removed,1073.5
1101.5,removed,1073.5
1102,removed,1073.5
1102.5,removed,1073.5
1103,removed,1073.5
1103.5,removed,1073.5
1104,removed,1073.5
1104.5,removed,1073.5
1105,removed,1073.5
1105.5,removed,1073.5
1106,removed,1073.5
1106.5,removed,1073.5
1107,removed,1073.5
1107.5,removed,1073.5
1108,removed,1073.5
1108.5,removed,1073.5
1109,removed,1073.5
1109.5,removed,1073.5
1110,removed,1073.5
1110.5,removed,1073.5
1111,removed,1073.5
1111.5,removed,1073.5
1112,removed,1073.5
1112.5,removed,1073.5
1113,removed,1073.5
1113.5,removed,1073.5
1114,removed,1073.5
1114.5,removed,1073.5
1115,removed,1073.5
1115.5,removed,1073.5
1116,removed,1073.5
1116.5,removed,1073.5
1117,removed,1073.5
1117.5,removed,1073.5
1118,removed,1073.5
1118.5,removed,1073.5
1119,removed,1073.5
1119.5,removed,1073.5
1120,removed,1073.5
1120.5,removed,1073.5
1121,removed,1073.5
1121.5,removed,1073.5
1122,removed,1073.5
1122.5,removed,1073.5
1123,removed,1073.5
1123.5,removed,1073.5
1124,removed,1073.5
1124.5,removed,1073.5
1125,removed,1073.5
1125.5,removed,1073.5
1126,removed,1073.5
1126.5,removed,1073.5
1127,removed,1073.5
1127.5,removed,1073.5
1128,removed,1073.5
1128.5,removed,1073.5
1129,removed,1073.5
1129.5,removed,1073.5
1130,removed,1073.5
1130.5,removed,1073.5
1131,removed,1073.5
1131.5,removed,1073.5
1132,removed,1073.5
1132.5,removed,1073.5
1133,removed,1073.5
1133.5,removed,1073.5
1134,removed,1073.5
1134.5,removed,1073.5
1135,removed,1073.5
1135.5,removed,1073.5
1136,removed,1073.5
1136.5,removed,1073.5
1137,removed,1073.5
1137.5,removed,1073.5
1138,removed,1073.5
1138.5,removed,1073.5
1139,removed,1073.5
1139.5,removed,1073.5
1140,removed,1073.5
1140.5,removed,1073.5
1141,removed,1073.5
1141.5,removed,1073.5
1142,removed,1073.5
1142.5,removed,1073.5
1143,removed,1073.5
1143.5,removed,1073.5
1144,removed,1073.5
1144.5,removed,1073.5
1145,removed,1073.5
1145.5,removed,1073.5
1146,removed,1073.5
1146.5,removed,1073.5
1147,removed,1073.5
1147.5,removed,1073.5
1148,removed,1073.5
1148.5,removed,1073.5
1149,removed,1073.5
1149.5,removed,1073.5
1150,removed,1073.5
1150.5,removed,1073.5
1151,removed,1073.5
1151.5,removed,1073.5
1152,removed,1073.5
1152.5,removed,1073.5
1153,removed,1073.5
1153.5,removed,1073.5
1154,removed,1073.5
1154.5,removed,1073.5
1155,removed,1073.5
1155.5,removed,1073.5
1156,removed,1073.5
1156.5,removed,1073.5
1157,removed,1073.5
1157.5,removed,1073.5
1158,removed,1073.5
1158.5,removed,1073.5
1159,removed,1073.5
1159.5,removed,1073.5
1160,removed,1073.5
1160.5,removed,1073.5
1161,removed,1073.5
1161.5,removed,1073.5
1162,removed,1073.5
1162.5,removed,1073.5
1163,removed,1073.5
1163.5,removed,1073.5
1164,removed,1073.5
1164.5,removed,1073.5
1165,removed,1073.5
1165.5,removed,1073.5
1166,removed,1073.5
1166.5,removed,1073.5
1167,removed,1073.5
1167.5,removed,1073.5
1168,removed,1073.5
1168.5,removed,1073.5
1169,removed,1073.5
1169.5,removed,1073.5
1170,removed,1073.5
1170.5,removed,1073.5
1171,removed,1073.5
1171.5,removed,1073.5
1172,removed,1073.5
1172.5,removed,1073.5
1173,removed,1073.5
1173.5,removed,1073.5
1174,removed,1073.5
1174.5,removed,1073.5
1175,removed,1073.5
1175.5,removed,1073.5
1176,removed,1073.5
1176.5,removed,1073.5
1177,removed,1073.5
1177.5,removed,1073.5
1178,removed,1073.5
1178.5,removed,1073.5
1179,removed,1073.5
1179.5,removed,1073.5
1180,removed,1073.5
1180.5,removed,1073.5
1181,removed,1073.5
1181.5,removed,1073.5
1182,removed,1073.5
1182.5,removed,1073.5
1183,removed,1073.5
1183.5,removed,1073.5
1184,removed,1073.5
1184.5,removed,1073.5
1185,removed,1073.5
1185.5,removed,1073.5
1186,removed,1073.5
1186.5,removed,1073.5
1187,removed,1073.5
1187.5,removed,1073.5
1188,removed,1073.5
1188.5,removed,1073.5
1189,removed,1073.5
1189.5,removed,1073.5
1190,removed,1073.5
1190.5,removed,1073.5
1191,removed,1073.5
1191.5,removed,1073.5
1192,removed,1073.5
1192.5,removed,1073.5
1193,removed,1073.5
1193.5,removed,1073.5
1194,removed,1073.5
1194.5,removed,1073.5
1195,removed,1073.5
1195.5,removed,1073.5
1196,removed,1073.5
1196.5,removed,1073.5
1197,removed,1073.5
1197.5,removed,1073.5
1198,removed,1073.5
1198.5,removed,1073.5
1199,removed,1073.5
1199.5,removed,1073.5
1200,removed,1073.5
1200.5,removed,1073.5
1201,removed,1073.5
1201.5,removed,1073.5
1202,removed,1073.5
1202.5,removed,1073.5
1203,removed,1073.5
1203.5,removed,1073.5
1204,removed,1073.5
1204.5,removed,1073.5
1205,removed,1073.5
1205.5,removed,1073.5
1206,removed,1073.5
1206.5,removed,1073.5
1207,removed,1073.5
1207.5,removed,1073.5
1208,removed,1073.5
1208.5,removed,1073.5
1209,removed,1073.5
1209.5,removed,1073.5
1210,removed,1073.5
1210.5,removed,1073.5
1211,removed,1073.5
1211.5,removed,1073.5
1212,removed,1073.5
1212.5,removed,1073.5
1213,removed,1073.5
1213.5,removed,1073.5
1214,removed,1073.5
1214.5,removed,1073.5
1215,removed,1073.5
1215.5,removed,1073.5
1216,removed,1073.5
1216.5,removed,1073.5
1217,removed,1073.5
1217.5,removed,1073.5
1218,removed,1073.5
1218.5,removed,1073.5
1219,removed,1073.5
1219.5,removed,1073.5
1220,removed,1073.5
1220.5,removed,1073.5
1221,removed,1073.5
1221.5,removed,1073.5
1222,removed,1073.5
1222.5,removed,1073.5
1223,removed,1073.5
1223.5,removed,1073.5
1224,removed,1073.5
1224.5,removed,1073.5
1225,removed,1073.5
1225.5,removed,1073.5
1226,removed,1073.5
1226.5,removed,1073.5
1227,removed,1073.5
1227.5,removed,1073.5
1228,removed,1073.5
1228.5,removed,1073.5
1229,removed,1073.5
1229.5,removed,1073.5
1230,removed,1073.5
1230.5,removed,1073.5
1231,removed,1073.5
1231.5,removed,1073.5
1232,removed,1073.5
1232.5,removed,1073.5
1233,removed,1073.5
1233.5,removed,1073.5
1234,removed,1073.5
1234.5,removed,1073.5
1235,removed,1073.5
1235.5,removed,1073.5
1236,removed,1073.5
1236.5,removed,1073.5
1237,removed,1073.5
1237.5,removed,1073.5
1238,removed,1073.5
1238.5,removed,1073.5
1239,removed,1073.5
1239.5,removed,1073.5
1240,removed,1073.5
1240.5,removed,1073.5
1241,removed,1073.5
1241.5,removed,1073.5
1242,removed,1073.5
1242.5,removed,1073.5
1243,removed,1073.5
1243.5,removed,1073.5
1244,removed,1073.5
1244.5,removed,1073.5
1245,removed,1073.5
1245.5,removed,1073.5
1246,removed,1073.5
1246.5,removed,1073.5
1247,removed,1073.5
1247.5,removed,1073.5
1248,removed,1073.5
1248.5,removed,1073.5
1249,removed,1073.5
1249.5,removed,1073.5
1250,removed,1073.5
1250.5,removed,1073.5
1251,removed,1073.5
1251.5,removed,1073.5
1252,removed,1073.5
1252.5,removed,1073.5
1253,removed,1073.5
1253.5,removed,1073.5
1254,removed,1073.5
1254.5,removed,1073.5
1255,removed,1073.5
1255.5,removed,1073.5
1256,removed,1073.5
1256.5,removed,1073.5
1257,removed,1073.5
1257.5,removed,1073.5
1258,removed,1073.5
1258.5,removed,1073.5
1259,removed,1073.5
1259.5,removed,1073.5
1260,removed,1073.5
1260.5,removed,1073.5
1261,removed,1073.5
1261.5,removed,1073.5
1262,removed,1073.5
1262.5,removed,1073.5
1263,removed,1073.5
1263.5,removed,1073.5
1264,removed,1073.5
1264.5,removed,1073.5
1265,removed,1073.5
1265.5,removed,1073.5
1266,removed,1073.5
1266.5,removed,1073.5
1267,removed,1073.5
1267.5,removed,1073.5
1268,removed,1073.5
1268.5,removed,1073.5
1269,removed,1073.5
1269.5,removed,1073.5
1270,removed,1073.5
1270.5,removed,1073.5
1271,removed,1073.5
1271.5,removed,1073.5
1272,removed,1073.5
1272.5,removed,1073.5
1273,removed,1073.5
1273.5,removed,1073.5
1274,removed,1073.5
1274.5,removed,1073.5
1275,removed,1073.5
1275.5,removed,1073.5
1276,removed,1073.5
1276.5,removed,1073.5
1277,removed,1073.5
1277.5,removed,1073.5
1278,removed,1073.5
1278.5,removed,1073.5
1279,removed,1073.5
1279.5,removed,1073.5
1280,removed,1073.5
1280.5,removed,1073.5
1281,removed,1073.5
1281.5,removed,1073.5
1282,removed,1073.5
1282.5,removed,1073.5
1283,removed,1073.5
1283.5,removed,1073.5
1284,removed,1073.5
1284.5,removed,1073.5
1285,removed,1073.5
1285.5,removed,1073.5
1286,removed,1073.5
1286.5,removed,1073.5
1287,removed,1073.5
1287.5,removed,1073.5
1288,removed,1073.5
1288.5,removed,1073.5
1289,removed,1073.5
1289.5,removed,1073.5
1290,removed,1073.5
1290.5,removed,1073.5
1291,removed,1073.5
1291.5,removed,1073.5
1292,removed,1073.5
1292.5,removed,1073.5
1293,removed,1073.5
1293.5,removed,1073.5
1294,removed,1073.5
1294.5,removed,1073.5
1295,removed,1073.5
1295.5,removed,1073.5
1296,removed,1073.5
1296.5,removed,1073.5
1297,removed,1073.5
1297.5,removed,1073.5
1298,removed,1073.5
1298.5,removed,1073.5
1299,removed,1073.5
1299.5,removed,1073.5
1300,removed,1073.5
1300.5,removed,1073.5
1301,removed,1073.5
1301.5,removed,1073.5
1302,removed,1073.5
1302.5,removed,1073.5
1303,removed,1073.5
1303.5,removed,1073.5
1304,removed,1073.5
1304.5,removed,1073.5
1305,removed,1073.5
1305.5,removed,1073.5
1306,removed,1073.5
1306.5,removed,1073.5
1307,removed,1073.5
1307.5,removed,1073.5
1308,removed,1073.5
1308.5,removed,1073.5
1309,removed,1073.5
1309.5,removed,1073.5
1310,removed,1073.5
1310.5,removed,1073.5
1311,removed,1073.5
1311.5,removed,1073.5
1312,removed,1073.5
1312.5,removed,1073.5
1313,removed,1073.5
1313.5,removed,1073.5
1314,removed,1073.5
1314.5,removed,1073.5
1315,removed,1073.5
1315.5,removed,1073.5
1316,removed,1073.5
1316.5,removed,1073.5
1317,removed,1073.5
1317.5,removed,1073.5
1318,removed,1073.5
1318.5,removed,1073.5
1319,removed,1073.5
1319.5,removed,1073.5
1320,removed,1073.5
1320.5,removed,1073.5
1321,removed,1073.5
1321.5,removed,1073.5
1322,removed,1073.5
1322.5,removed,1073.5
1323,removed,1073.5
1323.5,removed,1073.5
1324,removed,1073.5
1324.5,removed,1073.5
1325,removed,1073.5
1325.5,removed,1073.5
1326,removed,1073.5
1326.5,removed,1073.5
1327,removed,1073.5
1327.5,removed,1073.5
1328,removed,1073.5
1328.5,removed,1073.5
1329,removed,1073.5
1329.5,removed,1073.5
1330,removed,1073.5
1330.5,removed,1073.5
1331,removed,1073.5
1331.5,removed,1073.5
1332,removed,1073.5
1332.5,removed,1073.5
1333,removed,1073.5
1333.5,removed,1073.5
1334,removed,1073.5
1334.5,removed,1073.5
1335,removed,1073.5
1335.5,removed,1073.5
1336,removed,1073.5
1336.5,removed,1073.5
1337,removed,1073.5
1337.5,removed,1073.5
1338,removed,1073.5
1338.5,removed,1073.5
1339,removed,1073.5
1339.5,removed,1073.5
1340,removed,1073.5
1340.5,removed,1073.5
1341,removed,1073.5
1341.5,removed,1073.5
1342,removed,1073.5
1342.5,removed,1073.5
1343,removed,1073.5
1343.5,removed,1073.5
1344,removed,1073.5
1344.5,removed,1073.5
1345,removed,1073.5
1345.5,removed,1073.5
1346,removed,1073.5
1346.5,removed,1073.5
1347,removed,1073.5
1347.5,removed,1073.5
1348,removed,1073.5
1348.5,removed,1073.5
1349,removed,1073.5
1349.5,removed,1073.5
1350,removed,1073.5
1350.5,removed,1073.5
1351,removed,1073.5
1351.5,removed,1073.5
1352,removed,1073.5
1352.5,removed,1073.5
1353,removed,1073.5
1353.5,removed,1073.5
1354,removed,1073.5
1354.5,removed,1073.5
1355,removed,1073.5
1355.5,removed,1073.5
1356,removed,1073.5
1356.5,removed,1073.5
1357,removed,1073.5
1357.5,removed,1073.5
1358,removed,1073.5
1358.5,removed,1073.5
1359,removed,1073.5
1359.5,removed,1073.5
1360,removed,1073.5
1360.5,removed,1073.5
1361,removed,1073.5
1361.5,removed,1073.5
1362,removed,1073.5
1362.5,removed,1073.5
1363,removed,1073.5
1363.5,removed,1073.5
1364,removed,1073.5
1364.5,removed,1073.5
1365,removed,1073.5
1365.5,removed,1073.5
1366,removed,1073.5
1366.5,removed,1073.5
1367,removed,1073.5
1367.5,removed,1073.5
1368,removed,1073.5
1368.5,removed,1073.5
1369,removed,1073.5
1369.5,removed,1073.5
1370,removed,1073.5
1370.5,removed,1073.5
1371,removed,1073.5
1371.5,removed,1073.5
1372,removed,1073.5
1372.5,removed,1073.5
1373,removed,1073.5
1373.5,removed,1073.5
1374,removed,1073.5
1374.5,removed,1073.5
1375,removed,1073.5
1375.5,removed,1073.5
1376,removed,1073.5
1376.5,removed,1073.5
1377,removed,1073.5
1377.5,removed,1073.5
1378,removed,1073.5
1378.5,removed,1073.5
1379,removed,1073.5
1379.5,removed,1073.5
1380,removed,1073.5
1380.5,removed,1073.5
1381,removed,1073.5
1381.5,removed,1073.5
1382,removed,1073.5
1382.5,removed,1073.5
1383,removed,1073.5
1383.5,removed,1073.5
1384,removed,1073.5
1384.5,removed,1073.5
1385,removed,1073.5
1385.5,removed,1073.5
1386,kept,1074
1386.5,kept,1074.5
1387,kept,1075
1387.5,kept,1075.5
1388,kept,1076
1388.5,kept,1076.5
1389,kept,1077
1389.5,kept,1077.5
1390,kept,1078
1390.5,kept,1078.5
1391,kept,1079
1391.5,kept,1079.5
1392,kept,1080
1392.5,kept,1080.5
1393,kept,1081
1393.5,kept,1081.5
1394,kept,1082
1394.5,kept,1082.5
1395,kept,1083
1395.5,kept,1083.5
1396,kept,1084
1396.5,kept,1084.5
1397,kept,1085
1397.5,kept,1085.5
1398,kept,1086
1398.5,kept,1086.5
1399,kept,1087
1399.5,kept,1087.5
1400,kept,1088
1400.5,kept,1088.5
1401,kept,1089
1401.5,kept,1089.5
1402,kept,1090
1402.5,kept,1090.5
1403,kept,1091
1403.5,kept,1091.5
1404,kept,1092
1404.5,kept,1092.5
1405,kept,1093
1405.5,kept,1093.5
1406,kept,1094
1406.5,kept,1094.5
1407,kept,1095
1407.5,kept,1095.5
1408,kept,1096
1408.5,kept,1096.5
1409,kept,1097
1409.5,kept,1097.5
1410,kept,1098
1410.5,kept,1098.5
1411,kept,1099
1411.5,kept,1099.5
1412,kept,1100
1412.5,kept,1100.5
1413,kept,1101
1413.5,kept,1101.5
1414,kept,1102
1414.5,kept,1102.5
1415,kept,1103
1415.5,kept,1103.5
1416,kept,1104
1416.5,kept,1104.5
1417,kept,1105
1417.5,removed,1105
1418,removed,1105
1418.5,removed,1105
1419,removed,1105
1419.5,removed,1105
1420,removed,1105
1420.5,removed,1105
1421,removed,1105
1421.5,removed,1105
1422,removed,1105
1422.5,removed,1105
1423,removed,1105
1423.5,removed,1105
1424,removed,1105
1424.5,removed,1105
1425,removed,1105
1425.5,removed,1105
1426,removed,1105
1426.5,removed,1105
1427,removed,1105
1427.5,removed,1105
1428,removed,1105
1428.5,removed,1105
1429,removed,1105
1429.5,removed,1105
1430,removed,1105
1430.5,removed,1105
1431,removed,1105
1431.5,removed,1105
1432,removed,1105
1432.5,removed,1105
1433,removed,1105
1433.5,removed,1105
1434,removed,1105
1434.5,removed,1105
1435,removed,1105
1435.5,removed,1105
1436,removed,1105
1436.5,removed,1105
1437,removed,1105
1437.5,removed,1105
1438,removed,1105
1438.5,removed,1105
1439,removed,1105
1439.5,removed,1105
1440,removed,1105
1440.5,removed,1105
1441,removed,1105
1441.5,removed,1105
1442,removed,1105
1442.5,removed,1105
1443,kept,1105.5
1443.5,kept,1106
1444,kept,1106.5
1444.5,kept,1107
1445,kept,1107.5
1445.5,kept,1108
1446,kept,1108.5
1446.5,kept,1109
1447,kept,1109.5
1447.5,kept,1110
1448,kept,1110.5
1448.5,kept,1111
1449,kept,1111.5
1449.5,kept,1112
1450,kept,1112.5
1450.5,kept,1113
1451,kept,1113.5
1451.5,kept,1114
1452,kept,1114.5
1452.5,kept,1115
1453,kept,1115.5
1453.5,kept,1116
1454,kept,1116.5
1454.5,kept,1117
1455,kept,1117.5
1455.5,kept,1118
1456,kept,1118.5
1456.5,kept,1119
1457,kept,1119.5
1457.5,kept,1120
1458,kept,1120.5
1458.5,kept,1121
1459,kept,1121.5
1459.5,kept,1122
1460,kept,1122.5
1460.5,kept,1123
1461,kept,1123.5
1461.5,kept,1124
1462,kept,1124.5
1462.5,kept,1125
1463,kept,1125.5
1463.5,kept,1126
1464,kept,1126.5
1464.5,kept,1127
1465,kept,1127.5
1465.5,kept,1128
1466,kept,1128.5
1466.5,kept,1129
1467,kept,1129.5
1467.5,kept,1130
1468,kept,1130.5
1468.5,kept,1131
1469,kept,1131.5
1469.5,removed,1131.5
1470,removed,1131.5
1470.5,removed,1131.5
1471,removed,1131.5
1471.5,removed,1131.5
1472,removed,1131.5
1472.5,removed,1131.5
1473,removed,1131.5
1473.5,removed,1131.5
1474,removed,1131.5
1474.5,removed,1131.5
1475,removed,1131.5
1475.5,removed,1131.5
1476,removed,1131.5
1476.5,removed,1131.5
1477,removed,1131.5
1477.5,removed,1131.5
1478,removed,1131.5
1478.5,removed,1131.5
1479,removed,1131.5
1479.5,removed,1131.5
1480,removed,1131.5
1480.5,removed,1131.5
1481,removed,1131.5
1481.5,removed,1131.5
1482,removed,1131.5
1482.5,removed,1131.5
1483,removed,1131.5
1483.5,removed,1131.5
1484,removed,1131.5
1484.5,removed,1131.5
1485,removed,1131.5
1485.5,removed,1131.5
1486,removed,1131.5
1486.5,removed,1131.5
1487,removed,1131.5
1487.5,removed,1131.5
1488,removed,1131.5
1488.5,removed,1131.5
1489,removed,1131.5
1489.5,removed,1131.5
1490,removed,1131.5
1490.5,removed,1131.5
1491,removed,1131.5
1491.5,removed,1131.5
1492,removed,1131.5
1492.5,removed,1131.5
1493,removed,1131.5
1493.5,removed,1131.5
1494,removed,1131.5
1494.5,removed,1131.5
1495,removed,1131.5
1495.5,removed,1131.5
1496,removed,1131.5
1496.5,removed,1131.5
1497,removed,1131.5
1497.5,removed,1131.5
1498,removed,1131.5
1498.5,removed,1131.5
1499,removed,1131.5
1499.5,removed,1131.5
1500,removed,1131.5
1500.5,removed,1131.5
1501,removed,1131.5
1501.5,removed,1131.5
1502,removed,1131.5
1502.5,removed,1131.5
1503,removed,1131.5
1503.5,removed,1131.5
1504,removed,1131.5
1504.5,removed,1131.5
1505,removed,1131.5
1505.5,removed,1131.5
1506,removed,1131.5
1506.5,removed,1131.5
1507,removed,1131.5
1507.5,removed,1131.5
1508,removed,1131.5
1508.5,removed,1131.5
1509,removed,1131.5
1509.5,removed,1131.5
1510,removed,1131.5
1510.5,removed,1131.5
1511,removed,1131.5
1511.5,removed,1131.5
1512,removed,1131.5
1512.5,removed,1131.5
1513,removed,1131.5
1513.5,removed,1131.5
1514,removed,1131.5
1514.5,removed,1131.5
1515,removed,1131.5
1515.5,removed,1131.5
1516,removed,1131.5
1516.5,removed,1131.5
1517,removed,1131.5
1517.5,removed,1131.5
1518,removed,1131.5
1518.5,removed,1131.5
1519,removed,1131.5
1519.5,removed,1131.5
1520,removed,1131.5
1520.5,removed,1131.5
1521,removed,1131.5
1521.5,removed,1131.5
1522,removed,1131.5
1522.5,removed,1131.5
1523,removed,1131.5
1523.5,removed,1131.5
1524,removed,1131.5
1524.5,removed,1131.5
1525,removed,1131.5
1525.5,removed,1131.5
1526,removed,1131.5
1526.5,removed,1131.5
1527,removed,1131.5
1527.5,removed,1131.5
1528,removed,1131.5
1528.5,removed,1131.5
1529,removed,1131.5
1529.5,removed,1131.5
1530,removed,1131.5
1530.5,removed,1131.5
1531,removed,1131.5
1531.5,removed,1131.5
1532,removed,1131.5
1532.5,removed,1131.5
1533,removed,1131.5
1533.5,removed,1131.5
1534,removed,1131.5
1534.5,removed,1131.5
1535,removed,1131.5
1535.5,removed,1131.5
1536,removed,1131.5
1536.5,removed,1131.5
1537,removed,1131.5
1537.5,removed,1131.5
1538,removed,1131.5
1538.5,removed,1131.5
1539,removed,1131.5
1539.5,removed,1131.5
1540,removed,1131.5
1540.5,removed,1131.5
1541,removed,1131.5
1541.5,removed,1131.5
1542,removed,1131.5
1542.5,removed,1131.5
1543,removed,1131.5
1543.5,removed,1131.5
1544,removed,1131.5
1544.5,removed,1131.5
1545,removed,1131.5
1545.5,removed,1131.5
1546,removed,1131.5
1546.5,removed,1131.5
1547,removed,1131.5
1547.5,removed,1131.5
1548,removed,1131.5
1548.5,removed,1131.5
1549,removed,1131.5
1549.5,removed,1131.5
1550,removed,1131.5
1550.5,removed,1131.5
1551,removed,1131.5
1551.5,removed,1131.5
1552,removed,1131.5
1552.5,removed,1131.5
1553,removed,1131.5
1553.5,removed,1131.5
1554,removed,1131.5
1554.5,removed,1131.5
1555,removed,1131.5
1555.5,removed,1131.5
1556,removed,1131.5
1556.5,removed,1131.5
1557,removed,1131.5
1557.5,removed,1131.5
1558,removed,1131.5
1558.5,removed,1131.5
1559,removed,1131.5
1559.5,removed,1131.5
1560,removed,1131.5
1560.5,removed,1131.5
1561,removed,1131.5
1561.5,removed,1131.5
1562,removed,1131.5
1562.5,removed,1131.5
1563,removed,1131.5
1563.5,removed,1131.5
1564,removed,1131.5
1564.5,removed,1131.5
1565,removed,1131.5
1565.5,removed,1131.5
1566,removed,1131.5
1566.5,removed,1131.5
1567,removed,1131.5
1567.5,removed,1131.5
1568,removed,1131.5
1568.5,removed,1131.5
1569,removed,1131.5
1569.5,removed,1131.5
1570,removed,1131.5
1570.5,removed,1131.5
1571,removed,1131.5
1571.5,removed,1131.5
1572,removed,1131.5
1572.5,removed,1131.5
1573,removed,1131.5
1573.5,removed,1131.5
1574,removed,1131.5
1574.5,removed,1131.5
1575,removed,1131.5
1575.5,removed,1131.5
1576,removed,1131.5
1576.5,removed,1131.5
1577,removed,1131.5
1577.5,removed,1131.5
1578,removed,1131.5
1578.5,removed,1131.5
1579,removed,1131.5
1579.5,removed,1131.5
1580,removed,1131.5
1580.5,removed,1131.5
1581,removed,1131.5
1581.5,removed,1131.5
1582,removed,1131.5
1582.5,removed,1131.5
1583,removed,1131.5
1583.5,removed,1131.5
1584,removed,1131.5
1584.5,removed,1131.5
1585,removed,1131.5
1585.5,removed,1131.5
1586,removed,1131.5
1586.5,removed,1131.5
1587,removed,1131.5
1587.5,removed,1131.5
1588,removed,1131.5
1588.5,removed,1131.5
1589,removed,1131.5
1589.5,removed,1131.5
1590,removed,1131.5
1590.5,removed,1131.5
1591,removed,1131.5
1591.5,removed,1131.5
1592,removed,1131.5
1592.5,removed,1131.5
1593,removed,1131.5
1593.5,removed,1131.5
1594,removed,1131.5
1594.5,removed,1131.5
1595,removed,1131.5
1595.5,removed,1131.5
1596,removed,1131.5
1596.5,removed,1131.5
1597,removed,1131.5
1597.5,removed,1131.5
1598,removed,1131.5
1598.5,removed,1131.5
1599,removed,1131.5
1599.5,removed,1131.5
1600,removed,1131.5
1600.5,removed,1131.5
1601,removed,1131.5
1601.5,removed,1131.5
1602,removed,1131.5
1602.5,removed,1131.5
1603,removed,1131.5
1603.5,removed,1131.5
1604,removed,1131.5
1604.5,removed,1131.5
1605,removed,1131.5
1605.5,removed,1131.5
1606,removed,1131.5
1606.5,removed,1131.5
1607,removed,1131.5
1607.5,removed,1131.5
1608,removed,1131.5
1608.5,removed,1131.5
1609,removed,1131.5
1609.5,removed,1131.5
1610,removed,1131.5
1610.5,removed,1131.5
1611,removed,1131.5
1611.5,removed,1131.5
1612,removed,1131.5
1612.5,removed,1131.5
1613,removed,1131.5
1613.5,removed,1131.5
1614,removed,1131.5
1614.5,removed,1131.5
1615,removed,1131.5
1615.5,removed,1131.5
1616,removed,1131.5
1616.5,removed,1131.5
1617,removed,1131.5
1617.5,removed,1131.5
1618,removed,1131.5
1618.5,removed,1131.5
1619,removed,1131.5
1619.5,removed,1131.5
1620,removed,1131.5
1620.5,removed,1131.5
1621,removed,1131.5
1621.5,removed,1131.5
1622,removed,1131.5
1622.5,removed,1131.5
1623,removed,1131.5
1623.5,removed,1131.5
1624,removed,1131.5
1624.5,removed,1131.5
1625,removed,1131.5
1625.5,removed,1131.5
1626,removed,1131.5
1626.5,removed,1131.5
1627,removed,1131.5
1627.5,removed,1131.5
1628,removed,1131.5
1628.5,removed,1131.5
1629,kept,1132
1629.5,kept,1132.5
1630,kept,1133
1630.5,kept,1133.5
1631,kept,1134
1631.5,kept,1134.5
1632,kept,1135
1632.5,kept,1135.5
1633,kept,1136
1633.5,kept,1136.5
1634,kept,1137
1634.5,kept,1137.5
1635,kept,1138
1635.5,kept,1138.5
1636,kept,1139
1636.5,kept,1139.5
1637,kept,1140
1637.5,kept,1140.5
1638,kept,1141
1638.5,kept,1141.5
1639,kept,1142
1639.5,kept,1142.5
1640,kept,1143
1640.5,kept,1143.5
1641,kept,1144
1641.5,kept,1144.5
1642,kept,1145
1642.5,kept,1145.5
1643,kept,1146
1643.5,kept,1146.5
1644,kept,1147
1644.5,kept,1147.5
1645,kept,1148
1645.5,kept,1148.5
1646,kept,1149
1646.5,kept,1149.5
1647,kept,1150
1647.5,kept,1150.5
1648,kept,1151
1648.5,kept,1151.5
1649,kept,1152
1649.5,kept,1152.5
1650,kept,1153
1650.5,kept,1153.5
1651,kept,1154
1651.5,kept,1154.5
1652,kept,1155
1652.5,kept,1155.5
1653,kept,1156
1653.5,kept,1156.5
1654,kept,1157
1654.5,kept,1157.5
1655,kept,1158
1655.5,kept,1158.5
1656,kept,1159
1656.5,kept,1159.5
1657,kept,1160
1657.5,kept,1160.5
1658,kept,1161
1658.5,kept,1161.5
1659,kept,1162
1659.5,kept,1162.5
1660,kept,1163
1660.5,kept,1163.5
1661,kept,1164
1661.5,kept,1164.5
1662,kept,1165
1662.5,kept,1165.5
1663,kept,1166
1663.5,kept,1166.5
1664,kept,1167
1664.5,kept,1167.5
1665,kept,1168
1665.5,kept,1168.5
1666,kept,1169
1666.5,kept,1169.5
1667,kept,1170
1667.5,kept,1170.5
1668,kept,1171
1668.5,kept,1171.5
1669,kept,1172
1669.5,kept,1172.5
1670,kept,1173
1670.5,kept,1173.5
1671,kept,1174
1671.5,kept,1174.5
1672,kept,1175
1672.5,kept,1175.5
1673,kept,1176
1673.5,kept,1176.5
1674,kept,1177
1674.5,kept,1177.5
1675,kept,1178
1675.5,kept,1178.5
1676,kept,1179
1676.5,kept,1179.5
1677,kept,1180
1677.5,kept,1180.5
1678,kept,1181
1678.5,kept,1181.5
1679,kept,1182
1679.5,kept,1182.5
1680,kept,1183
1680.5,kept,1183.5
1681,kept,1184
1681.5,kept,1184.5
1682,kept,1185
1682.5,kept,1185.5
1683,kept,1186
1683.5,kept,1186.5
1684,kept,1187
1684.5,kept,1187.5
1685,kept,1188
1685.5,kept,1188.5
1686,kept,1189
1686.5,kept,1189.5
1687,kept,1190
1687.5,kept,1190.5
1688,kept,1191
1688.5,kept,1191.5
1689,kept,1192
1689.5,kept,1192.5
1690,kept,1193
1690.5,kept,1193.5
1691,kept,1194
1691.5,kept,1194.5
1692,kept,1195
1692.5,kept,1195.5
1693,kept,1196
1693.5,kept,1196.5
1694,kept,1197
1694.5,kept,1197.5
1695,kept,1198
1695.5,kept,1198.5
1696,kept,1199
1696.5,kept,1199.5
1697,kept,1200
1697.5,kept,1200.5
1698,kept,1201
1698.5,kept,1201.5
1699,kept,1202
1699.5,kept,1202.5
1700,kept,1203
1700.5,kept,1203.5
1701,kept,1204
1701.5,kept,1204.5
1702,kept,1205
1702.5,kept,1205.5
1703,kept,1206
1703.5,kept,1206.5
1704,kept,1207
1704.5,kept,1207.5
1705,kept,1208
1705.5,kept,1208.5
1706,kept,1209
1706.5,kept,1209.5
1707,kept,1210
1707.5,kept,1210.5
1708,kept,1211
1708.5,kept,1211.5
1709,kept,1212
1709.5,kept,1212.5
1710,kept,1213
1710.5,kept,1213.5
1711,kept,1214
1711.5,kept,1214.5
1712,kept,1215
1712.5,kept,1215.5
1713,kept,1216
1713.5,kept,1216.5
1714,kept,1217
1714.5,kept,1217.5
1715,kept,1218
1715.5,kept,1218.5
1716,kept,1219
1716.5,kept,1219.5
1717,kept,1220
1717.5,kept,1220.5
1718,kept,1221
1718.5,kept,1221.5
1719,kept,1222
1719.5,kept,1222.5
1720,kept,1223
1720.5,kept,1223.5
1721,kept,1224
1721.5,kept,1224.5
1722,kept,1225
1722.5,kept,1225.5
1723,kept,1226
1723.5,kept,1226.5
1724,kept,1227
1724.5,kept,1227.5
1725,kept,1228
1725.5,kept,1228.5
1726,kept,1229
1726.5,kept,1229.5
1727,kept,1230
1727.5,kept,1230.5
1728,kept,1231
1728.5,kept,1231.5
1729,removed,1231.5
1729.5,removed,1231.5
1730,removed,1231.5
1730.5,removed,1231.5
1731,removed,1231.5
1731.5,removed,1231.5
1732,removed,1231.5
1732.5,removed,1231.5
1733,removed,1231.5
1733.5,removed,1231.5
1734,removed,1231.5
1734.5,removed,1231.5
1735,removed,1231.5
1735.5,removed,1231.5
1736,removed,1231.5
1736.5,removed,1231.5
1737,removed,1231.5
1737.5,removed,1231.5
1738,removed,1231.5
1738.5,removed,1231.5
1739,removed,1231.5
1739.5,removed,1231.5
1740,removed,1231.5
1740.5,removed,1231.5
1741,removed,1231.5
1741.5,removed,1231.5
1742,removed,1231.5
1742.5,removed,1231.5
1743,removed,1231.5
1743.5,removed,1231.5
1744,removed,1231.5
1744.5,removed,1231.5
1745,removed,1231.5
1745.5,removed,1231.5
1746,removed,1231.5
1746.5,removed,1231.5
1747,removed,1231.5
1747.5,removed,1231.5
1748,removed,1231.5
1748.5,removed,1231.5
1749,removed,1231.5
1749.5,removed,1231.5
1750,removed,1231.5
1750.5,removed,1231.5
1751,removed,1231.5
1751.5,removed,1231.5
1752,removed,1231.5
1752.5,removed,1231.5
1753,removed,1231.5
1753.5,removed,1231.5
1754,removed,1231.5
1754.5,removed,1231.5
1755,removed,1231.5
1755.5,removed,1231.5
1756,removed,1231.5
1756.5,removed,1231.5
1757,removed,1231.5
1757.5,removed,1231.5
1758,removed,1231.5
1758.5,removed,1231.5
1759,removed,1231.5
1759.5,removed,1231.5
1760,removed,1231.5
1760.5,removed,1231.5
1761,removed,1231.5
1761.5,removed,1231.5
1762,removed,1231.5
1762.5,removed,1231.5
1763,removed,1231.5
1763.5,removed,1231.5
1764,removed,1231.5
1764.5,removed,1231.5
1765,removed,1231.5
1765.5,removed,1231.5
1766,removed,1231.5
1766.5,removed,1231.5
1767,removed,1231.5
1767.5,removed,1231.5
1768,removed,1231.5
1768.5,removed,1231.5
1769,removed,1231.5
1769.5,removed,1231.5
1770,removed,1231.5
1770.5,removed,1231.5
1771,removed,1231.5
1771.5,removed,1231.5
1772,removed,1231.5
1772.5,removed,1231.5
1773,removed,1231.5
1773.5,removed,1231.5
1774,removed,1231.5
1774.5,removed,1231.5
1775,removed,1231.5
1775.5,removed,1231.5
1776,removed,1231.5
1776.5,removed,1231.5
1777,removed,1231.5
1777.5,removed,1231.5
1778,removed,1231.5
1778.5,removed,1231.5
1779,removed,1231.5
1779.5,removed,1231.5
1780,removed,1231.5
1780.5,removed,1231.5
1781,removed,1231.5
1781.5,removed,1231.5
1782,removed,1231.5
1782.5,removed,1231.5
1783,removed,1231.5
1783.5,removed,1231.5
1784,removed,1231.5
1784.5,removed,1231.5
1785,removed,1231.5
1785.5,removed,1231.5
1786,removed,1231.5
1786.5,removed,1231.5
1787,removed,1231.5
1787.5,removed,1231.5
1788,removed,1231.5
1788.5,removed,1231.5
1789,removed,1231.5
1789.5,removed,1231.5
1790,removed,1231.5
1790.5,removed,1231.5
1791,removed,1231.5
1791.5,removed,1231.5
1792,removed,1231.5
1792.5,removed,1231.5
1793,removed,1231.5
1793.5,removed,1231.5
1794,removed,1231.5
1794.5,removed,1231.5
1795,removed,1231.5
1795.5,removed,1231.5
1796,removed,1231.5
1796.5,removed,1231.5
1797,removed,1231.5
1797.5,removed,1231.5
1798,removed,1231.5
1798.5,removed,1231.5
1799,removed,1231.5
1799.5,removed,1231.5
1800,removed,1231.5
1800.5,removed,1231.5
1801,removed,1231.5
1801.5,removed,1231.5
1802,removed,1231.5
1802.5,removed,1231.5
1803,removed,1231.5
1803.5,removed,1231.5
1804,removed,1231.5
1804.5,removed,1231.5
1805,removed,1231.5
1805.5,removed,1231.5
1806,removed,1231.5
1806.5,removed,1231.5
1807,removed,1231.5
1807.5,removed,1231.5
1808,removed,1231.5
1808.5,removed,1231.5
1809,removed,1231.5
1809.5,removed,1231.5
1810,removed,1231.5
1810.5,removed,1231.5
1811,removed,1231.5
1811.5,removed,1231.5
1812,removed,1231.5
1812.5,removed,1231.5
1813,removed,1231.5
1813.5,removed,1231.5
1814,removed,1231.5
1814.5,removed,1231.5
1815,removed,1231.5
1815.5,removed,1231.5
1816,removed,1231.5
1816.5,removed,1231.5
1817,removed,1231.5
1817.5,removed,1231.5
1818,removed,1231.5
1818.5,removed,1231.5
1819,removed,1231.5
1819.5,removed,1231.5
1820,removed,1231.5
1820.5,removed,1231.5
1821,removed,1231.5
1821.5,removed,1231.5
1822,removed,1231.5
1822.5,removed,1231.5
1823,removed,1231.5
1823.5,removed,1231.5
1824,removed,1231.5
1824.5,removed,1231.5
1825,removed,1231.5
1825.5,removed,1231.5
1826,removed,1231.5
1826.5,removed,1231.5
1827,removed,1231.5
1827.5,removed,1231.5
1828,removed,1231.5
1828.5,removed,1231.5
1829,removed,1231.5
1829.5,removed,1231.5
1830,removed,1231.5
1830.5,removed,1231.5
1831,removed,1231.5
1831.5,removed,1231.5
1832,removed,1231.5
1832.5,removed,1231.5
1833,removed,1231.5
1833.5,removed,1231.5
1834,removed,1231.5
1834.5,removed,1231.5
1835,removed,1231.5
1835.5,removed,1231.5
1836,removed,1231.5
1836.5,removed,1231.5
1837,removed,1231.5
1837.5,removed,1231.5
1838,removed,1231.5
1838.5,removed,1231.5
1839,removed,1231.5
1839.5,removed,1231.5
1840,removed,1231.5
1840.5,removed,1231.5
1841,removed,1231.5
1841.5,removed,1231.5
1842,removed,1231.5
1842.5,removed,1231.5
1843,removed,1231.5
1843.5,removed,1231.5
1844,removed,1231.5
1844.5,removed,1231.5
1845,removed,1231.5
1845.5,removed,1231.5
1846,removed,1231.5
1846.5,removed,1231.5
1847,removed,1231.5
1847.5,removed,1231.5
1848,removed,1231.5
1848.5,removed,1231.5
1849,removed,1231.5
1849.5,removed,1231.5
1850,removed,1231.5
1850.5,removed,1231.5
1851,removed,1231.5
1851.5,removed,1231.5
1852,kept,1232
1852.5,kept,1232.5
1853,kept,1233
1853.5,kept,1233.5
1854,kept,1234
1854.5,kept,1234.5
1855,kept,1235
1855.5,kept,1235.5
1856,kept,1236
1856.5,kept,1236.5
1857,kept,1237
1857.5,kept,1237.5
1858,kept,1238
1858.5,kept,1238.5
1859,kept,1239
1859.5,kept,1239.5
1860,kept,1240
1860.5,removed,1240
1861,removed,1240
1861.5,removed,1240
1862,removed,1240
1862.5,removed,1240
1863,removed,1240
1863.5,removed,1240
1864,removed,1240
1864.5,removed,1240
1865,removed,1240
1865.5,removed,1240
1866,removed,1240
1866.5,removed,1240
1867,removed,1240
1867.5,removed,1240
1868,removed,1240
1868.5,removed,1240
1869,removed,1240
1869.5,removed,1240
1870,removed,1240
1870.5,removed,1240
1871,removed,1240
1871.5,removed,1240
1872,removed,1240
1872.5,removed,1240
1873,removed,1240
1873.5,removed,1240
1874,removed,1240
1874.5,removed,1240
1875,removed,1240
1875.5,removed,1240
1876,removed,1240
1876.5,removed,1240
1877,removed,1240
1877.5,removed,1240
1878,removed,1240
1878.5,removed,1240
1879,removed,1240
1879.5,removed,1240
1880,removed,1240
1880.5,removed,1240
1881,removed,1240
1881.5,removed,1240
1882,removed,1240
1882.5,removed,1240
1883,removed,1240
1883.5,removed,1240
1884,removed,1240
1884.5,removed,1240
1885,removed,1240
1885.5,removed,1240
1886,removed,1240
1886.5,removed,1240
1887,removed,1240
1887.5,removed,1240
1888,removed,1240
1888.5,removed,1240
1889,removed,1240
1889.5,removed,1240
1890,removed,1240
1890.5,removed,1240
1891,removed,1240
1891.5,removed,1240
1892,removed,1240
1892.5,removed,1240
1893,removed,1240
1893.5,removed,1240
1894,removed,1240
1894.5,removed,1240
1895,removed,1240
1895.5,removed,1240
1896,removed,1240
1896.5,removed,1240
1897,removed,1240
1897.5,removed,1240
1898,removed,1240
1898.5,removed,1240
1899,removed,1240
1899.5,removed,1240
1900,removed,1240
1900.5,removed,1240
1901,removed,1240
1901.5,removed,1240
1902,removed,1240
1902.5,removed,1240
1903,removed,1240
1903.5,removed,1240
1904,removed,1240
1904.5,removed,1240
1905,removed,1240
1905.5,removed,1240
1906,removed,1240
1906.5,removed,1240
1907,removed,1240
1907.5,removed,1240
1908,removed,1240
1908.5,removed,1240
1909,removed,1240
1909.5,removed,1240
1910,removed,1240
1910.5,removed,1240
1911,removed,1240
1911.5,removed,1240
1912,removed,1240
1912.5,removed,1240
1913,removed,1240
1913.5,removed,1240
1914,removed,1240
1914.5,removed,1240
1915,removed,1240
1915.5,removed,1240
1916,removed,1240
1916.5,removed,1240
1917,removed,1240
1917.5,removed,1240
1918,removed,1240
1918.5,removed,1240
1919,removed,1240
1919.5,removed,1240
1920,removed,1240
1920.5,removed,1240
1921,removed,1240
1921.5,removed,1240
1922,removed,1240
1922.5,removed,1240
1923,removed,1240
1923.5,removed,1240
1924,removed,1240
1924.5,removed,1240
1925,removed,1240
1925.5,removed,1240
1926,removed,1240
1926.5,removed,1240
1927,removed,1240
1927.5,removed,1240
1928,removed,1240
1928.5,removed,1240
1929,removed,1240
1929.5,removed,1240
1930,removed,1240
1930.5,removed,1240
1931,removed,1240
1931.5,removed,1240
1932,removed,1240
1932.5,removed,1240
1933,removed,1240
1933.5,removed,1240
1934,removed,1240
1934.5,removed,1240
1935,removed,1240
1935.5,removed,1240
1936,removed,1240
1936.5,removed,1240
1937,removed,1240
1937.5,removed,1240
1938,removed,1240
1938.5,removed,1240
1939,removed,1240
1939.5,removed,1240
1940,removed,1240
1940.5,removed,1240
1941,removed,1240
1941.5,removed,1240
1942,removed,1240
1942.5,removed,1240
1943,removed,1240
1943.5,removed,1240
1944,removed,1240
1944.5,removed,1240
1945,removed,1240
1945.5,removed,1240
1946,removed,1240
1946.5,removed,1240
1947,removed,1240
1947.5,removed,1240
1948,removed,1240
1948.5,removed,1240
1949,removed,1240
1949.5,removed,1240
1950,removed,1240
1950.5,removed,1240
1951,removed,1240
1951.5,removed,1240
1952,removed,1240
1952.5,removed,1240
1953,removed,1240
1953.5,removed,1240
1954,removed,1240
1954.5,removed,1240
1955,removed,1240
1955.5,removed,1240
1956,removed,1240
1956.5,removed,1240
1957,removed,1240
1957.5,removed,1240
1958,removed,1240
1958.5,removed,1240
1959,removed,1240
1959.5,removed,1240
1960,removed,1240
1960.5,removed,1240
1961,removed,1240
1961.5,removed,1240
1962,removed,1240
1962.5,removed,1240
1963,removed,1240
1963.5,removed,1240
1964,removed,1240
1964.5,removed,1240
1965,removed,1240
1965.5,removed,1240
1966,removed,1240
1966.5,removed,1240
1967,removed,1240
1967.5,removed,1240
1968,removed,1240
1968.5,removed,1240
1969,removed,1240
1969.5,removed,1240
1970,removed,1240
1970.5,removed,1240
1971,removed,1240
1971.5,removed,1240
1972,removed,1240
1972.5,removed,1240
1973,removed,1240
1973.5,removed,1240
1974,removed,1240
1974.5,removed,1240
1975,removed,1240
1975.5,removed,1240
1976,removed,1240
1976.5,removed,1240
1977,removed,1240
1977.5,removed,1240
1978,removed,1240
1978.5,removed,1240
1979,removed,1240
1979.5,removed,1240
1980,removed,1240
1980.5,removed,1240
1981,removed,1240
1981.5,removed,1240
1982,removed,1240
1982.5,removed,1240
1983,removed,1240
1983.5,removed,1240
1984,removed,1240
1984.5,removed,1240
1985,removed,1240
1985.5,removed,1240
1986,removed,1240
1986.5,removed,1240
1987,removed,1240
1987.5,removed,1240
1988,removed,1240
1988.5,removed,1240
1989,removed,1240
1989.5,removed,1240
1990,removed,1240
1990.5,removed,1240
1991,removed,1240
1991.5,removed,1240
1992,removed,1240
1992.5,removed,1240
1993,removed,1240
1993.5,removed,1240
1994,removed,1240
1994.5,removed,1240
1995,removed,1240
1995.5,kept,1240.5
1996,kept,1241
1996.5,kept,1241.5
1997,kept,1242
1997.5,kept,1242.5
1998,kept,1243
1998.5,kept,1243.5
1999,kept,1244
1999.5,kept,1244.5
2000,kept,1245
2000.5,kept,1245.5
2001,kept,1246
2001.5,kept,1246.5
2002,kept,1247
2002.5,kept,1247.5
2003,kept,1248
2003.5,kept,1248.5
2004,kept,1249
2004.5,kept,1249.5
2005,kept,1250
2005.5,kept,1250.5
2006,kept,1251
2006.5,kept,1251.5
2007,kept,1252
2007.5,kept,1252.5
2008,kept,1253
2008.5,kept,1253.5
2009,kept,1254
2009.5,removed,1254
2010,removed,1254
2010.5,removed,1254
2011,removed,1254
2011.5,removed,1254
2012,removed,1254
2012.5,removed,1254
2013,removed,1254
2013.5,removed,1254
2014,removed,1254
2014.5,removed,1254
2015,removed,1254
2015.5,removed,1254
2016,removed,1254
2016.5,removed,1254
2017,removed,1254
2017.5,removed,1254
2018,removed,1254
2018.5,removed,1254
2019,removed,1254
2019.5,removed,1254
2020,removed,1254
2020.5,removed,1254
2021,removed,1254
2021.5,removed,1254
2022,removed,1254
2022.5,removed,1254
2023,removed,1254
2023.5,removed,1254
2024,removed,1254
2024.5,removed,1254
2025,removed,1254
2025.5,removed,1254
2026,removed,1254
2026.5,removed,1254
2027,removed,1254
2027.5,removed,1254
2028,removed,1254
2028.5,removed,1254
2029,removed,1254
2029.5,removed,1254
2030,removed,1254
2030.5,removed,1254
2031,removed,1254
2031.5,removed,1254
2032,removed,1254
2032.5,removed,1254
2033,removed,1254
2033.5,removed,1254
2034,removed,1254
2034.5,removed,1254
2035,removed,1254
2035.5,removed,1254
2036,removed,1254
2036.5,removed,1254
2037,removed,1254
2037.5,removed,1254
2038,removed,1254
2038.5,removed,1254
2039,removed,1254
2039.5,removed,1254
2040,removed,1254
2040.5,removed,1254
2041,removed,1254
2041.5,removed,1254
2042,removed,1254
2042.5,removed,1254
2043,removed,1254
2043.5,removed,1254
2044,removed,1254
2044.5,removed,1254
2045,removed,1254
2045.5,removed,1254
2046,removed,1254
2046.5,removed,1254
2047,removed,1254
2047.5,removed,1254
2048,removed,1254
2048.5,removed,1254
2049,removed,1254
2049.5,removed,1254
2050,removed,1254
2050.5,removed,1254
2051,removed,1254
2051.5,removed,1254
2052,removed,1254
2052.5,removed,1254
2053,removed,1254
2053.5,removed,1254
2054,removed,1254
2054.5,removed,1254
2055,removed,1254
2055.5,removed,1254
2056,removed,1254
2056.5,removed,1254
2057,removed,1254
2057.5,removed,1254
2058,removed,1254
2058.5,removed,1254
2059,removed,1254
2059.5,removed,1254
2060,removed,1254
2060.5,removed,1254
2061,removed,1254
2061.5,removed,1254
2062,removed,1254
2062.5,removed,1254
2063,removed,1254
2063.5,removed,1254
2064,removed,1254
2064.5,removed,1254
2065,removed,1254
2065.5,removed,1254
2066,removed,1254
2066.5,removed,1254
2067,removed,1254
2067.5,removed,1254
2068,removed,1254
2068.5,removed,1254
2069,removed,1254
2069.5,removed,1254
2070,removed,1254
2070.5,removed,1254
2071,removed,1254
2071.5,removed,1254
2072,removed,1254
2072.5,removed,1254
2073,removed,1254
2073.5,removed,1254
2074,removed,1254
2074.5,removed,1254
2075,removed,1254
2075.5,removed,1254
2076,removed,1254
2076.5,removed,1254
2077,removed,1254
2077.5,removed,1254
2078,removed,1254
2078.5,removed,1254
2079,removed,1254
2079.5,removed,1254
2080,removed,1254
2080.5,removed,1254
2081,removed,1254
2081.5,removed,1254
2082,removed,1254
2082.5,removed,1254
2083,removed,1254
2083.5,removed,1254
2084,removed,1254
2084.5,removed,1254
2085,removed,1254
2085.5,removed,1254
2086,removed,1254
2086.5,removed,1254
2087,removed,1254
2087.5,removed,1254
2088,removed,1254
2088.5,removed,1254
2089,removed,1254
2089.5,removed,1254
2090,removed,1254
2090.5,removed,1254
2091,removed,1254
2091.5,removed,1254
2092,removed,1254
2092.5,removed,1254
2093,removed,1254
2093.5,removed,1254
2094,removed,1254
2094.5,removed,1254
2095,removed,1254
2095.5,removed,1254
2096,removed,1254
2096.5,removed,1254
2097,removed,1254
2097.5,removed,1254
2098,removed,1254
2098.5,removed,1254
2099,removed,1254
2099.5,removed,1254
2100,removed,1254
2100.5,removed,1254
2101,removed,1254
2101.5,removed,1254
2102,removed,1254
2102.5,removed,1254
2103,removed,1254
2103.5,removed,1254
2104,removed,1254
2104.5,removed,1254
2105,removed,1254
2105.5,removed,1254
2106,removed,1254
2106.5,removed,1254
2107,removed,1254
2107.5,removed,1254
2108,removed,1254
2108.5,removed,1254
2109,removed,1254
2109.5,removed,1254
2110,removed,1254
2110.5,removed,1254
2111,removed,1254
2111.5,removed,1254
2112,removed,1254
2112.5,removed,1254
2113,removed,1254
2113.5,removed,1254
2114,removed,1254
2114.5,removed,1254
2115,removed,1254
2115.5,removed,1254
2116,removed,1254
2116.5,removed,1254
2117,removed,1254
2117.5,removed,1254
2118,removed,1254
2118.5,removed,1254
2119,removed,1254
2119.5,removed,1254
2120,removed,1254
2120.5,removed,1254
2121,removed,1254
2121.5,removed,1254
2122,removed,1254
2122.5,removed,1254
2123,removed,1254
2123.5,removed,1254
2124,removed,1254
2124.5,removed,1254
2125,removed,1254
2125.5,removed,1254
2126,removed,1254
2126.5,removed,1254
2127,removed,1254
2127.5,removed,1254
2128,removed,1254
2128.5,removed,1254
2129,removed,1254
2129.5,removed,1254
2130,removed,1254
2130.5,removed,1254
2131,removed,1254
2131.5,removed,1254
2132,removed,1254
2132.5,removed,1254
2133,removed,1254
2133.5,removed,1254
2134,removed,1254
2134.5,removed,1254
2135,removed,1254
2135.5,removed,1254
2136,removed,1254
2136.5,removed,1254
2137,removed,1254
2137.5,removed,1254
2138,removed,1254
2138.5,removed,1254
2139,removed,1254
2139.5,removed,1254
2140,removed,1254
2140.5,removed,1254
2141,removed,1254
2141.5,removed,1254
2142,removed,1254
2142.5,removed,1254
2143,removed,1254
2143.5,removed,1254
2144,removed,1254
2144.5,removed,1254
2145,removed,1254
2145.5,removed,1254
2146,removed,1254
2146.5,removed,1254
2147,removed,1254
2147.5,removed,1254
2148,removed,1254
2148.5,removed,1254
2149,removed,1254
2149.5,removed,1254
2150,removed,1254
2150.5,removed,1254
2151,removed,1254
2151.5,removed,1254
2152,removed,1254
2152.5,removed,1254
2153,removed,1254
2153.5,removed,1254
2154,removed,1254
2154.5,removed,1254
2155,removed,1254
2155.5,removed,1254
2156,removed,1254
2156.5,removed,1254
2157,removed,1254
2157.5,removed,1254
2158,removed,1254
2158.5,removed,1254
2159,removed,1254
2159.5,removed,1254
2160,removed,1254
2160.5,removed,1254
2161,removed,1254
2161.5,removed,1254
2162,removed,1254
2162.5,removed,1254
2163,removed,1254
2163.5,removed,1254
2164,removed,1254
2164.5,removed,1254
2165,removed,1254
2165.5,removed,1254
2166,removed,1254
2166.5,removed,1254
2167,removed,1254
2167.5,removed,1254
2168,removed,1254
2168.5,removed,1254
2169,removed,1254
2169.5,removed,1254
2170,removed,1254
2170.5,removed,1254
2171,removed,1254
2171.5,removed,1254
2172,removed,1254
2172.5,removed,1254
2173,removed,1254
2173.5,removed,1254
2174,removed,1254
2174.5,removed,1254
2175,removed,1254
2175.5,removed,1254
2176,removed,1254
2176.5,removed,1254
2177,removed,1254
2177.5,removed,1254
2178,removed,1254
2178.5,removed,1254
2179,kept,1254.5
2179.5,kept,1255
2180,kept,1255.5
2180.5,kept,1256
2181,kept,1256.5
2181.5,kept,1257
2182,kept,1257.5
2182.5,kept,1258
2183,kept,1258.5
2183.5,kept,1259
2184,kept,1259.5
2184.5,kept,1260
2185,kept,1260.5
2185.5,kept,1261
2186,kept,1261.5
2186.5,kept,1262
2187,kept,1262.5
2187.5,kept,1263
2188,kept,1263.5
2188.5,kept,1264
2189,kept,1264.5
2189.5,kept,1265
2190,kept,1265.5
2190.5,kept,1266
2191,kept,1266.5
2191.5,kept,1267
2192,kept,1267.5
2192.5,kept,1268
2193,kept,1268.5
2193.5,kept,1269
2194,kept,1269.5
2194.5,kept,1270
2195,kept,1270.5
2195.5,kept,1271
2196,kept,1271.5
2196.5,kept,1272
2197,kept,1272.5
2197.5,kept,1273
2198,kept,1273.5
2198.5,kept,1274
2199,kept,1274.5
2199.5,kept,1275
2200,kept,1275.5
2200.5,kept,1276
2201,kept,1276.5
2201.5,kept,1277
2202,kept,1277.5
2202.5,kept,1278
2203,removed,1278
2203.5,removed,1278
2204,removed,1278
2204.5,removed,1278
2205,removed,1278
2205.5,removed,1278
2206,removed,1278
2206.5,removed,1278
2207,removed,1278
2207.5,removed,1278
2208,removed,1278
2208.5,removed,1278
2209,removed,1278
2209.5,removed,1278
2210,removed,1278
2210.5,removed,1278
2211,removed,1278
2211.5,removed,1278
2212,removed,1278
2212.5,removed,1278
2213,removed,1278
2213.5,removed,1278
2214,removed,1278
2214.5,removed,1278
2215,removed,1278
2215.5,removed,1278
2216,removed,1278
2216.5,removed,1278
2217,removed,1278
2217.5,removed,1278
2218,removed,1278
2218.5,removed,1278
2219,removed,1278
2219.5,removed,1278
2220,removed,1278
2220.5,removed,1278
2221,removed,1278
2221.5,removed,1278
2222,removed,1278
2222.5,removed,1278
2223,removed,1278
2223.5,removed,1278
2224,removed,1278
2224.5,removed,1278
2225,removed,1278
2225.5,removed,1278
2226,removed,1278
2226.5,removed,1278
2227,removed,1278
2227.5,removed,1278
2228,removed,1278
2228.5,removed,1278
2229,removed,1278
2229.5,removed,1278
2230,removed,1278
2230.5,removed,1278
2231,removed,1278
2231.5,removed,1278
2232,removed,1278
2232.5,removed,1278
2233,removed,1278
2233.5,removed,1278
2234,removed,1278
2234.5,removed,1278
2235,removed,1278
2235.5,removed,1278
2236,removed,1278
2236.5,removed,1278
2237,removed,1278
2237.5,removed,1278
2238,removed,1278
2238.5,removed,1278
2239,removed,1278
2239.5,removed,1278
2240,removed,1278
2240.5,removed,1278
2241,removed,1278
2241.5,removed,1278
2242,removed,1278
2242.5,removed,1278
2243,removed,1278
2243.5,removed,1278
2244,removed,1278
2244.5,removed,1278
2245,removed,1278
2245.5,removed,1278
2246,removed,1278
2246.5,removed,1278
2247,removed,1278
2247.5,removed,1278
2248,removed,1278
2248.5,removed,1278
2249,removed,1278
2249.5,removed,1278
2250,removed,1278
2250.5,removed,1278
2251,removed,1278
2251.5,removed,1278
2252,removed,1278
2252.5,removed,1278
2253,removed,1278
2253.5,removed,1278
2254,removed,1278
2254.5,removed,1278
2255,removed,1278
2255.5,removed,1278
2256,removed,1278
2256.5,removed,1278
2257,removed,1278
2257.5,removed,1278
2258,removed,1278
2258.5,removed,1278
2259,removed,1278
2259.5,removed,1278
2260,removed,1278
2260.5,removed,1278
2261,removed,1278
2261.5,removed,1278
2262,removed,1278
2262.5,removed,1278
2263,removed,1278
2263.5,removed,1278
2264,removed,1278
2264.5,removed,1278
2265,removed,1278
2265.5,removed,1278
2266,removed,1278
2266.5,removed,1278
2267,removed,1278
2267.5,removed,1278
2268,removed,1278
2268.5,removed,1278
2269,removed,1278
2269.5,removed,1278
2270,removed,1278
2270.5,removed,1278
2271,removed,1278
2271.5,removed,1278
2272,removed,1278
2272.5,removed,1278
2273,removed,1278
2273.5,removed,1278
2274,removed,1278
2274.5,removed,1278
2275,removed,1278
2275.5,removed,1278
2276,removed,1278
2276.5,removed,1278
2277,removed,1278
2277.5,removed,1278
2278,removed,1278
2278.5,removed,1278
2279,removed,1278
2279.5,removed,1278
2280,removed,1278
2280.5,removed,1278
2281,removed,1278
2281.5,removed,1278
2282,removed,1278
2282.5,removed,1278
2283,removed,1278
2283.5,removed,1278
2284,removed,1278
2284.5,removed,1278
2285,removed,1278
2285.5,removed,1278
2286,removed,1278
2286.5,removed,1278
2287,removed,1278
2287.5,removed,1278
2288,removed,1278
2288.5,removed,1278
2289,removed,1278
2289.5,removed,1278
2290,removed,1278
2290.5,removed,1278
2291,removed,1278
2291.5,removed,1278
2292,removed,1278
2292.5,removed,1278
2293,removed,1278
2293.5,removed,1278
2294,removed,1278
2294.5,removed,1278
2295,removed,1278
2295.5,removed,1278
2296,removed,1278
2296.5,removed,1278
2297,removed,1278
2297.5,removed,1278
2298,removed,1278
2298.5,removed,1278
2299,removed,1278
2299.5,removed,1278
2300,removed,1278
2300.5,removed,1278
2301,removed,1278
2301.5,removed,1278
2302,removed,1278
2302.5,removed,1278
2303,removed,1278
2303.5,removed,1278
2304,removed,1278
2304.5,removed,1278
2305,removed,1278
2305.5,removed,1278
2306,removed,1278
2306.5,removed,1278
2307,removed,1278
2307.5,removed,1278
2308,removed,1278
2308.5,removed,1278
2309,removed,1278
2309.5,removed,1278
2310,removed,1278
2310.5,removed,1278
2311,removed,1278
2311.5,removed,1278
2312,removed,1278
2312.5,removed,1278
2313,removed,1278
2313.5,removed,1278
2314,removed,1278
2314.5,removed,1278
2315,removed,1278
2315.5,removed,1278
2316,kept,1278.5
2316.5,kept,1279
2317,kept,1279.5
2317.5,kept,1280
2318,kept,1280.5
2318.5,kept,1281
2319,kept,1281.5
2319.5,kept,1282
2320,kept,1282.5
2320.5,kept,1283
2321,kept,1283.5
2321.5,kept,1284
2322,kept,1284.5
2322.5,kept,1285
2323,kept,1285.5
2323.5,kept,1286
2324,kept,1286.5
2324.5,removed,1286.5
2325,removed,1286.5
2325.5,removed,1286.5
2326,removed,1286.5
2326.5,removed,1286.5
2327,removed,1286.5
2327.5,removed,1286.5
2328,removed,1286.5
2328.5,removed,1286.5
2329,removed,1286.5
2329.5,removed,1286.5
2330,removed,1286.5
2330.5,removed,1286.5
2331,removed,1286.5
2331.5,removed,1286.5
2332,removed,1286.5
2332.5,removed,1286.5
2333,removed,1286.5
2333.5,removed,1286.5
2334,removed,1286.5
2334.5,removed,1286.5
2335,removed,1286.5
2335.5,removed,1286.5
2336,removed,1286.5
2336.5,removed,1286.5
2337,removed,1286.5
2337.5,removed,1286.5
2338,removed,1286.5
2338.5,removed,1286.5
2339,removed,1286.5
2339.5,removed,1286.5
2340,removed,1286.5
2340.5,removed,1286.5
2341,removed,1286.5
2341.5,removed,1286.5
2342,kept,1287
2342.5,kept,1287.5
2343,kept,1288
2343.5,kept,1288.5
2344,kept,1289
2344.5,kept,1289.5
2345,kept,1290
2345.5,kept,1290.5
2346,kept,1291
2346.5,kept,1291.5
2347,kept,1292
2347.5,kept,1292.5
2348,kept,1293
2348.5,kept,1293.5
2349,kept,1294
2349.5,kept,1294.5
2350,kept,1295
2350.5,removed,1295
2351,removed,1295
2351.5,removed,1295
2352,removed,1295
2352.5,removed,1295
2353,removed,1295
2353.5,removed,1295
2354,removed,1295
2354.5,removed,1295
2355,removed,1295
2355.5,removed,1295
2356,removed,1295
2356.5,removed,1295
2357,removed,1295
2357.5,removed,1295
2358,removed,1295
2358.5,removed,1295
2359,removed,1295
2359.5,removed,1295
2360,removed,1295
2360.5,removed,1295
2361,removed,1295
2361.5,removed,1295
2362,removed,1295
2362.5,removed,1295
2363,removed,1295
2363.5,removed,1295
2364,removed,1295
2364.5,removed,1295
2365,removed,1295
2365.5,removed,1295
2366,kept,1295.5
2366.5,kept,1296
2367,kept,1296.5
2367.5,kept,1297
2368,kept,1297.5
2368.5,kept,1298
2369,kept,1298.5
2369.5,kept,1299
2370,kept,1299.5
2370.5,kept,1300
2371,kept,1300.5
2371.5,kept,1301
2372,kept,1301.5
2372.5,kept,1302
2373,kept,1302.5
2373.5,kept,1303
2374,kept,1303.5
2374.5,kept,1304
2375,kept,1304.5
2375.5,kept,1305
2376,kept,1305.5
2376.5,kept,1306
2377,kept,1306.5
2377.5,kept,1307
2378,kept,1307.5
2378.5,kept,1308
2379,kept,1308.5
2379.5,kept,1309
2380,kept,1309.5
2380.5,kept,1310
2381,kept,1310.5
2381.5,kept,1311
2382,kept,1311.5
2382.5,kept,1312
2383,kept,1312.5
2383.5,kept,1313
2384,kept,1313.5
2384.5,kept,1314
2385,kept,1314.5
2385.5,kept,1315
2386,kept,1315.5
2386.5,kept,1316
2387,kept,1316.5
2387.5,kept,1317
2388,kept,1317.5
2388.5,kept,1318
2389,kept,1318.5
2389.5,kept,1319
2390,kept,1319.5
2390.5,kept,1320
2391,kept,1320.5
2391.5,kept,1321
2392,kept,1321.5
2392.5,kept,1322
2393,kept,1322.5
2393.5,kept,1323
2394,kept,1323.5
2394.5,kept,1324
2395,kept,1324.5
2395.5,kept,1325
2396,kept,1325.5
2396.5,kept,1326
2397,kept,1326.5
2397.5,kept,1327
2398,kept,1327.5
2398.5,kept,1328
2399,kept,1328.5
2399.5,removed,1328.5
2400,removed,1328.5
2400.5,removed,1328.5
2401,removed,1328.5
2401.5,removed,1328.5
