ages, global_5, global_median, global_95, 60N_to_90N_5, 60N_to_90N_median, 60N_to_90N_95, 30N_to_60N_5, 30N_to_60N_median, 30N_to_60N_95, 0N_to_30N_5, 0N_to_30N_median, 0N_to_30N_95, 30S_to_0S_5, 30S_to_0S_median, 30S_to_0S_95, 60S_to_30S_5, 60S_to_30S_median, 60S_to_30S_95, 90S_to_60S_5, 90S_to_60S_median, 90S_to_60S_95
0.000000000000000000e+00,-2.624000687632117024e-01,8.769333766782336226e-02,5.794705392405086197e-01,-6.375883959556886138e-01,5.173936796534592264e-02,9.344504887542062210e-01,-2.580654227451756322e-01,1.991567096806419745e-01,9.064636211878366323e-01,-8.734260134903079065e-01,3.443510271344306373e-02,9.797298830808383041e-01,-7.495901292925619686e-01,9.737445119410305383e-03,8.789199100179172497e-01,-1.241003795776429275e+00,-3.828998723858700881e-02,9.912203942605434248e-01,-5.709116822615935005e-01,4.969988834052864735e-01,3.115191092454506538e+00
1.000000000000000000e+02,-3.420046378871952619e-01,0.000000000000000000e+00,3.556380226164311820e-01,-1.140293672789785884e+00,0.000000000000000000e+00,6.633023963349709007e-01,-4.693033721131446567e-01,1.387778780781445676e-17,4.480321568223572526e-01,-7.607134455034666454e-01,0.000000000000000000e+00,7.901937101122468166e-01,-5.949137355539496630e-01,0.000000000000000000e+00,6.475183375309434552e-01,-1.010743675346459369e+00,0.000000000000000000e+00,1.051484112919780944e+00,-1.462354849906725818e+00,0.000000000000000000e+00,1.287652755245913161e+00
2.000000000000000000e+02,-2.895163982566622551e-01,5.046003009134793910e-02,3.867425888748635132e-01,-8.111619791969704174e-01,1.463652979852477776e-01,8.003746658537551628e-01,-3.669834316116215578e-01,1.244128636933607285e-01,7.501100079024380918e-01,-9.452954692880749521e-01,-4.933970707530391242e-02,6.508630450496857289e-01,-3.892572077457278623e-01,9.051695401764947579e-02,6.907942386639337462e-01,-8.103431054287690838e-01,7.288154480146180614e-02,1.201288939555161139e+00,-1.880789401662915417e+00,-1.924570536611570071e-01,8.900868965820888379e-01
3.000000000000000000e+02,-3.132759769846403808e-01,2.498310641487144768e-02,3.591864251309217493e-01,-9.031972664766911851e-01,1.556075395310410336e-01,7.765885775437517680e-01,-3.956627723642744954e-01,1.326313488203522961e-01,8.144183826660159609e-01,-9.918137161027854587e-01,-8.082238972885645578e-02,5.447018106698487960e-01,-4.444753673334163047e-01,2.722608902851296822e-02,5.981732707602964716e-01,-8.056147333179546344e-01,8.032870791336158001e-02,1.187525870524535065e+00,-1.860937449690091228e+00,-1.670030915222664725e-01,9.346801087607670144e-01
4.000000000000000000e+02,-3.161970320970838300e-01,3.491485825383604247e-02,3.475193785823155745e-01,-8.103636205561323136e-01,1.863629515516584123e-01,8.613760320229664202e-01,-4.027284429403257260e-01,1.380342213734351287e-01,8.782266731187751141e-01,-1.290324463268797572e+00,-1.576298429580888505e-01,4.003886780796265810e-01,-4.163884684929520241e-01,4.898660491720385757e-02,6.033354373615765764e-01,-6.011972625978346807e-01,1.878927904318884734e-01,1.390817400854470032e+00,-1.880273724243144207e+00,-7.784989091844851661e-02,1.110170769636514843e+00
5.000000000000000000e+02,-2.843036541873212864e-01,3.690129002861744500e-02,3.393274769924275458e-01,-5.254260726253660030e-01,2.439344905481761472e-01,1.013376881915924344e+00,-4.183041232796426701e-01,8.433784192060068963e-02,7.165143061785123058e-01,-1.240637071232214561e+00,-1.656044058222893023e-01,4.263637417351858749e-01,-4.117725375237717422e-01,3.459736815336329069e-02,5.572973593392293035e-01,-5.823006418899886460e-01,1.806829316502445715e-01,1.405031854047186446e+00,-1.749424438963544715e+00,-8.447359032070160534e-03,1.226493207208953384e+00
6.000000000000000000e+02,-2.401177016825493116e-01,7.282042265674244785e-02,3.652211935870644521e-01,-5.963669440319122605e-01,1.974738355344643759e-01,9.222113969013233659e-01,-3.548643290301760067e-01,1.513102625909696908e-01,7.581259874128111198e-01,-1.082643544947570868e+00,-1.555282946213377704e-01,3.808491028670019096e-01,-2.886378110670674291e-01,1.057628632455085010e-01,6.443746347772428829e-01,-6.303164821914846172e-01,1.519982950838655866e-01,1.185961002960930877e+00,-1.540146664341343730e+00,7.337802412416974396e-02,1.400995267241117226e+00
7.000000000000000000e+02,-2.277414065711181879e-01,7.405049724453409421e-02,3.818160380719562430e-01,-6.648649743510743892e-01,2.102070166652888206e-01,1.020971336952656294e+00,-3.254847800069258779e-01,1.469981476842129042e-01,7.985307452450406407e-01,-1.179467290351624342e+00,-1.519797725533281185e-01,4.043440179697602721e-01,-2.659239205196718969e-01,1.473839284250453852e-01,7.169044914046721617e-01,-7.469883218868403896e-01,6.480429419203831420e-02,1.076078692293264583e+00,-1.310251682863778910e+00,1.332897836287619819e-01,1.863605724690422960e+00
8.000000000000000000e+02,-2.015568698076404819e-01,8.381864513254216886e-02,3.748205257931526146e-01,-5.009866811114593865e-01,2.780444516225614171e-01,1.203891189673475193e+00,-3.256430344018104717e-01,1.315154829298910422e-01,7.527205250643478340e-01,-1.070497244100804268e+00,-1.726508434001904901e-01,3.749119171798199757e-01,-2.303846497998227050e-01,1.426872390110147104e-01,7.483158744967646214e-01,-7.128888039621631423e-01,9.271166178347581277e-02,1.114616321099954233e+00,-1.145036005674803015e+00,1.193293747343171507e-01,1.728751642114981557e+00
9.000000000000000000e+02,-2.174405753386584317e-01,8.432810886273142681e-02,3.793313658761389151e-01,-3.969220113316624388e-01,3.130499005401199963e-01,1.289805399750814319e+00,-3.101079358413208475e-01,2.007521238597816671e-01,9.077868670698756581e-01,-1.186637869166031534e+00,-1.892820175779764413e-01,3.545458940084075805e-01,-2.940126866268661376e-01,1.000869095748620902e-01,6.948986235472669470e-01,-6.629665945704384944e-01,9.998861641248163457e-02,1.193222766058167572e+00,-9.899146738913220389e-01,1.086375514591530200e-01,1.646483440243450502e+00
1.000000000000000000e+03,-1.877797789097484515e-01,1.142904910202417468e-01,4.202813925859110733e-01,-3.384815725966905386e-01,3.401524898919026096e-01,1.327875306293938573e+00,-2.790889732501776743e-01,2.678301191042828933e-01,1.076557674599410319e+00,-1.084511462153506578e+00,-1.629246749048644805e-01,4.034176526706607646e-01,-2.526253623359505096e-01,1.181468302410952909e-01,7.454121564670125322e-01,-7.437070468944065871e-01,7.054685752951093958e-02,1.029699361709958794e+00,-9.631110211721649605e-01,1.709778555741080508e-01,1.785460233372517358e+00
1.100000000000000000e+03,-1.453192516280865376e-01,1.403058420780895210e-01,4.704336236715812025e-01,-3.918119495192922130e-01,3.188926378797689587e-01,1.302179588180740977e+00,-2.532815525625726205e-01,3.046172215530779659e-01,1.161676299993423145e+00,-9.615775750658495102e-01,-1.142937845772677569e-01,5.050940289060726895e-01,-2.120093092259035250e-01,1.684954148188300138e-01,7.382389097656411048e-01,-7.492419746338840891e-01,5.459661877398219731e-02,9.222949277922902755e-01,-7.917252243588394078e-01,3.548384640454545491e-01,1.888808270326840733e+00
1.200000000000000000e+03,-1.188108239647603093e-01,1.708554213882665929e-01,5.111449221495073525e-01,-2.773111416882624858e-01,3.616630902234179157e-01,1.415500620471080051e+00,-2.701352447046620475e-01,3.247576045692147639e-01,1.167765011252827279e+00,-1.009470333969600730e+00,-1.296264179750580281e-01,4.496750490749347740e-01,-2.013761963097012719e-01,1.827568849940468254e-01,7.330686596312370185e-01,-6.077145973971799231e-01,1.291093437655437270e-01,1.059401031851867847e+00,-5.514571458705591622e-01,4.305507084806020623e-01,1.941583362948339220e+00
1.300000000000000000e+03,-7.200792974740494179e-02,1.794266535708665677e-01,5.039525632181636183e-01,-2.989701431944504217e-01,3.839459491618653075e-01,1.418930928165355487e+00,-2.339972981217718073e-01,2.728119673483149210e-01,1.080723225130642895e+00,-1.032872603106425924e+00,-1.309885482541171542e-01,4.734725903478383957e-01,-1.930694559094603691e-01,1.989685862398342109e-01,7.846194280405340837e-01,-3.770954768733179585e-01,2.801348396542834296e-01,1.222859602092146725e+00,-6.582351273890284515e-01,3.976307400076637411e-01,1.853279700517170170e+00
1.400000000000000000e+03,-1.152449478962768586e-01,1.376690540577533151e-01,4.500576370771934842e-01,-3.068929971415215729e-01,3.600951871353157419e-01,1.435643456906956494e+00,-2.718781900706683241e-01,2.048758056741446509e-01,8.870614953687324666e-01,-1.065116433363497705e+00,-1.686208796026214540e-01,3.404334981209033995e-01,-1.951894016388660558e-01,1.537635311270960925e-01,7.590637702005009757e-01,-4.923354169862728669e-01,2.149779074144145541e-01,1.165577916191393504e+00,-6.264157413346781444e-01,3.416464117424009572e-01,1.967410811093071255e+00
1.500000000000000000e+03,-1.313105559276804557e-01,1.302925832731230693e-01,3.992490319490059614e-01,-1.488156635159955388e-01,4.049010615371384514e-01,1.577615563229208373e+00,-2.561025045265677980e-01,2.228016035823554564e-01,9.040356821558815925e-01,-1.057643676155983758e+00,-1.662329435247324461e-01,3.186784031314204291e-01,-2.145378614775966808e-01,1.369092401604911635e-01,6.879256578394107313e-01,-5.114709845720708525e-01,1.869000139240539204e-01,1.107851863387200320e+00,-1.116107708249799213e+00,1.368603999826397688e-01,1.638559484090317930e+00
1.600000000000000000e+03,-1.439575141092983568e-01,1.297641268849544782e-01,4.081278370408573108e-01,-8.666360419640105339e-02,4.680581123395418652e-01,1.616799714602472404e+00,-2.491718940676349303e-01,2.123153532858144676e-01,8.841162587378220694e-01,-1.024039662451274424e+00,-1.570683238441453744e-01,3.406376003344375736e-01,-2.850958152530706502e-01,9.933014079308874478e-02,6.756565480484223452e-01,-4.217096505846633092e-01,2.188007033422220693e-01,1.166808941500988350e+00,-1.363407275158700083e+00,1.019307689654182225e-01,1.619752533098449909e+00
1.700000000000000000e+03,-1.117950539198372395e-01,1.426342367825511881e-01,4.648216469041321353e-01,-8.453370966486148386e-02,4.708040689021033565e-01,1.599230745559585332e+00,-2.837729042349284025e-01,1.785613875543011486e-01,8.189560996327934772e-01,-8.509240450563974045e-01,-1.005727803977728430e-01,4.253720689217840301e-01,-2.772631786853878011e-01,8.268064914749698180e-02,6.457161117617028490e-01,-4.030644704659445687e-01,2.584589070328628391e-01,1.231020996678797275e+00,-1.007704305479985463e+00,1.532174588471074683e-01,1.780874896179705402e+00
1.800000000000000000e+03,-1.046872854109452966e-01,1.515899127621640752e-01,4.600112623884293761e-01,4.539489730165148680e-03,5.094997403556925653e-01,1.824620998818919926e+00,-2.783828035413801749e-01,1.950136468073739027e-01,8.993814071100404428e-01,-8.346059795952283089e-01,-8.325725774361339426e-02,4.669680616626755154e-01,-2.671035267938013935e-01,8.248573616700771716e-02,6.364085849140033169e-01,-3.568839397702482374e-01,3.090332479111051467e-01,1.250460844751844158e+00,-1.417999368695118667e+00,4.535203727206611052e-02,1.463267883111575296e+00
1.900000000000000000e+03,-1.248236398931794888e-01,1.350551119484404428e-01,4.126221740941667382e-01,2.711794887979926058e-02,5.392580091446279589e-01,1.928545087321822615e+00,-2.894207868352991486e-01,1.952127416160663320e-01,9.223048943019362955e-01,-8.320705616758716783e-01,-6.799471002357640459e-02,4.666980605770809643e-01,-2.923835099541313154e-01,7.601609417556219606e-02,6.038103251240396485e-01,-4.876676527917184756e-01,1.781946512607666122e-01,1.098489016488003234e+00,-1.829966341297814436e+00,-4.822642577520065005e-03,1.163159429181061411e+00
2.000000000000000000e+03,-9.872586976592498398e-02,1.572042459022768846e-01,4.225211018369330329e-01,7.012757340594920341e-02,5.644231954598365464e-01,1.901338974996435338e+00,-3.124032198163124163e-01,2.287677969442699910e-01,1.007039943185231268e+00,-7.249364228394529208e-01,-3.341978433781846863e-02,5.568475468815559104e-01,-2.529892201240809269e-01,9.050790919189675987e-02,7.010973735154806263e-01,-5.229932769229622691e-01,1.783469662723423665e-01,1.055972233191568632e+00,-2.040831833000591455e+00,-2.257457278027745137e-02,1.115965404590967047e+00
2.100000000000000000e+03,-6.795367784438978431e-02,1.733303887609423111e-01,4.894985214305115906e-01,6.725567243180954891e-02,5.931600741012974520e-01,1.920977025556086071e+00,-2.962936833327321495e-01,2.716987546151212740e-01,1.187972629338766462e+00,-7.433480609848415188e-01,-2.592980693591142097e-02,5.786892152718998705e-01,-2.147135803228373829e-01,1.223380331283483446e-01,7.010485493297506920e-01,-4.597966009305786139e-01,1.753353968126964146e-01,1.053103662778229754e+00,-1.616232980631381322e+00,-7.531394940086831580e-03,1.288227772662140502e+00
2.200000000000000000e+03,-2.579218301306717906e-02,1.993266767691386776e-01,5.334196791158312134e-01,8.494507214245682059e-02,6.014754197644627265e-01,1.907133526455490724e+00,-1.991729468622576993e-01,2.922722177015458778e-01,1.201314514454336457e+00,-6.419679857394676725e-01,-5.357514566413579954e-03,5.570388302213161724e-01,-2.514799255878265027e-01,1.227290746637395846e-01,6.765196460421518676e-01,-3.949614955577520070e-01,2.317314224853825599e-01,1.155468959883470204e+00,-1.314697150624849264e+00,3.105542009218621030e-02,1.403580124788446737e+00
2.300000000000000000e+03,-9.159608767095300114e-03,2.143909400500378648e-01,5.700731466964016336e-01,9.610728950124228231e-02,5.937767125904198640e-01,1.875114890926293798e+00,-1.957672007647544010e-01,3.079566881723506677e-01,1.219754478259207131e+00,-5.453243373732811206e-01,1.948943011687656601e-02,6.790959450578012424e-01,-2.510542799516439771e-01,1.321877461957706168e-01,6.793491664733999347e-01,-3.450548622991382319e-01,2.607759753291178928e-01,1.233539050641830004e+00,-1.338469324458173793e+00,2.547430515718440008e-02,1.328648734279996413e+00
2.400000000000000000e+03,-1.265118970019819995e-02,2.178932376551572792e-01,5.639166380973603676e-01,5.709711875484589638e-02,5.729264309380163178e-01,1.862749913660559642e+00,-2.345984493941160598e-01,3.191565977642359941e-01,1.182230721508402249e+00,-5.327837623371463049e-01,4.182677124893303955e-02,7.096091672807720574e-01,-2.245953666653152381e-01,1.342345701363635846e-01,6.811062074057847582e-01,-3.097552813223175550e-01,2.691715411696748439e-01,1.178781863240379701e+00,-1.647219526615954166e+00,-4.549036895187622172e-03,1.229924340701748608e+00
2.500000000000000000e+03,-6.981635782669855933e-03,2.238890160674856800e-01,6.113402755765111607e-01,7.428055915692437228e-02,5.722391779533526623e-01,1.895249659521399677e+00,-2.093442277158386877e-01,3.241112608602153555e-01,1.228109082654952999e+00,-4.789878653958064558e-01,6.791574091268270941e-02,7.592495341568918921e-01,-2.239797725698348396e-01,1.407575828936257212e-01,7.104422941723140816e-01,-3.384488008892562183e-01,2.679777450488815549e-01,1.188361016320203634e+00,-1.510636443689602260e+00,-1.447483526267570250e-02,1.226276830999057932e+00
2.600000000000000000e+03,-1.485230926932663842e-02,2.204478183595041663e-01,5.848192598715591384e-01,7.185172823455228397e-02,5.755063974516503311e-01,1.841201307244726859e+00,-1.785153925681829401e-01,3.406708187604978733e-01,1.297828487209369053e+00,-5.549244860212793062e-01,5.943946606251800102e-02,7.487929751866798656e-01,-1.985089096787719110e-01,1.552535849884117691e-01,7.390118034920534207e-01,-3.898723659761734739e-01,2.470171536061810391e-01,1.132559439206894725e+00,-1.851353743598503465e+00,-1.955286331994256221e-02,1.020300518645155252e+00
2.700000000000000000e+03,-1.435850034039413666e-03,2.284469314308942012e-01,6.132690919232939297e-01,1.090428876207290010e-01,5.861245306326849924e-01,1.898788646951724557e+00,-1.657084904847458684e-01,3.457756781971158544e-01,1.340208295020404172e+00,-5.232077806249076923e-01,6.945896498215416159e-02,7.628785431137012907e-01,-1.877903317835044883e-01,1.433032035291025297e-01,7.362486756285530065e-01,-3.680322764342976449e-01,2.725300950494673469e-01,1.148564593642232179e+00,-1.894636745656665289e+00,-2.423990170016929527e-02,1.137591775614214207e+00
2.800000000000000000e+03,9.303380778964996656e-03,2.461418892968468275e-01,6.535562757459425498e-01,1.063759424667456988e-01,6.302367479682782214e-01,1.963199399797804778e+00,-1.584566666150351300e-01,3.459938151644310622e-01,1.333480016612637709e+00,-5.084198147804488421e-01,8.251024267097002707e-02,7.947909559219005216e-01,-1.921294389744157838e-01,1.495402701727875927e-01,7.261197870748749006e-01,-3.933897466894941686e-01,2.452778176823932621e-01,1.148224172391883569e+00,-1.181583743738520820e+00,4.043220753335531603e-02,1.492554478411559193e+00
2.900000000000000000e+03,3.540558482029893678e-02,2.690030011892567408e-01,6.878765898648764310e-01,1.393261178307707571e-01,6.389300671973827672e-01,2.049744113899107489e+00,-1.473696658505170010e-01,3.648480480137588078e-01,1.387194220863192662e+00,-4.832152653879036031e-01,9.045177480874058706e-02,7.703404259888427807e-01,-1.726619872337740724e-01,1.589274710171495464e-01,7.168216283059112293e-01,-4.127157837939695040e-01,2.664828642775651790e-01,1.170256625334060052e+00,-1.033260431503175925e+00,1.355600857368036982e-01,1.619705717851303461e+00
3.000000000000000000e+03,5.112667730789158260e-02,2.869390952964886443e-01,7.140536946391587980e-01,1.404550051382863207e-01,6.556219657678664658e-01,2.135310897795958507e+00,-1.767698210546146398e-01,3.941508726196650825e-01,1.502642722353297211e+00,-4.181649727200883460e-01,9.055412130975697138e-02,7.898547847256770504e-01,-1.905856366037375904e-01,1.591325249269722741e-01,7.197754700718556053e-01,-3.516523788468700062e-01,3.194572869505704626e-01,1.207789481311627888e+00,-1.129570691417237649e+00,1.171299623705055748e-01,1.665151331835802662e+00
3.100000000000000000e+03,7.920163043389231994e-02,2.991268398134064865e-01,7.748100108174099665e-01,1.334320680547048943e-01,6.560518302214894959e-01,2.244681430948569201e+00,-1.504609054969411053e-01,4.170159261473814216e-01,1.626823383280068702e+00,-3.716806752885609688e-01,9.801048781383095432e-02,8.096842944513383822e-01,-1.949711107449626224e-01,1.508154512037852557e-01,7.263427449994486196e-01,-2.818256944920990437e-01,3.479613859803298848e-01,1.271461042133651631e+00,-1.098598765488969287e+00,1.429597893780790718e-01,1.719112508232765402e+00
3.200000000000000000e+03,9.324018804673843419e-02,3.019817865004489899e-01,7.742845065316171782e-01,1.168062182229522572e-01,6.520912298314793798e-01,2.320700611838649952e+00,-1.204196487910124680e-01,4.351539589458435220e-01,1.663221945849213235e+00,-3.939690709039170291e-01,9.392855568939001421e-02,8.278005103371183226e-01,-1.755695271208370656e-01,1.615450596977118236e-01,7.179110719689448805e-01,-2.113114238856904914e-01,3.785537196760017653e-01,1.335365030609979575e+00,-1.602428203890216230e+00,9.580780748004422143e-02,1.599915938596674581e+00
3.300000000000000000e+03,8.788042106298470102e-02,3.081764291835809022e-01,7.875751888053034167e-01,1.532136482223538931e-01,6.697978538842974672e-01,2.468901777052171731e+00,-1.460201738223149692e-01,4.364689500141272216e-01,1.702577906687800624e+00,-3.965272454700870530e-01,9.786110266294859028e-02,7.994695058381263708e-01,-1.846344444755235736e-01,1.416480509722206627e-01,6.860972712408573981e-01,-1.641597934831864058e-01,4.406145261305142169e-01,1.347687603804082812e+00,-1.587257275041064508e+00,5.233597025173033351e-02,1.511581669511933734e+00
3.400000000000000000e+03,1.297943617125683902e-01,3.328939513926223448e-01,8.149322197268181744e-01,1.163974007195800048e-01,6.575584709821311602e-01,2.460309299247612991e+00,-1.345170579032978764e-01,4.560891471079639992e-01,1.766273901989610540e+00,-3.777915057091564277e-01,1.207434659301300367e-01,8.394994403763661461e-01,-1.636915946062079130e-01,1.645870658136714404e-01,7.465068494177881098e-01,-1.377902260245673638e-01,4.886510787409115153e-01,1.404545023461701403e+00,-1.427450773716054666e+00,5.856042517973936157e-02,1.437146018660873548e+00
3.500000000000000000e+03,1.148162090704617638e-01,3.315194014804893063e-01,8.859221705783757450e-01,9.413131601961320649e-02,6.498041909297518348e-01,2.427415525175062871e+00,-1.688357785975411474e-01,4.688707921254323674e-01,1.804692024865310884e+00,-3.325801985683262130e-01,1.344890753380020287e-01,8.608104347158255232e-01,-1.870419889509417344e-01,1.592118502892561904e-01,7.111046670944884962e-01,-1.031669219388409720e-01,4.759283044419480579e-01,1.421058162599116548e+00,-1.206880935236960495e+00,8.019733198174221200e-02,1.409636886993927529e+00
3.600000000000000000e+03,1.329643840799809018e-01,3.566043757761357957e-01,9.222261671251185122e-01,8.809522537628844407e-02,6.466336560446608317e-01,2.458447013788441993e+00,-1.695859542825574606e-01,4.884320217357012162e-01,1.881362472733369984e+00,-2.850829733920086650e-01,1.678873363964753784e-01,9.334267060375749381e-01,-1.514281313770851345e-01,1.807195433807000096e-01,7.322386013206990674e-01,-9.669613192117915146e-02,5.049675104200466169e-01,1.418759477526579493e+00,-1.062680554154826984e+00,1.119046237704155455e-01,1.547094576175633396e+00
3.700000000000000000e+03,1.409011158479304693e-01,3.662046491608297316e-01,9.744423819020719968e-01,8.923549775991676536e-02,6.630423457277394572e-01,2.583754150690109608e+00,-1.706017903142706404e-01,5.114604348379980792e-01,2.008189630251190128e+00,-2.855896497572573134e-01,1.728284847301465588e-01,9.104267570201591830e-01,-1.509963534033058330e-01,1.804546262384478794e-01,7.571098012674776223e-01,-8.027032424545463285e-02,5.095842152493277322e-01,1.493796475096144327e+00,-9.814228071283630506e-01,1.373631129336301826e-01,1.559260567499187955e+00
3.800000000000000000e+03,1.451718983716752676e-01,3.740779975735208374e-01,9.261693220126638870e-01,1.398457889542389088e-01,7.042582545569997521e-01,2.664307108206842134e+00,-1.336847371743973278e-01,5.409047405889434446e-01,2.042644482556516650e+00,-3.230952480311113373e-01,1.758073285791318940e-01,8.923634021763297008e-01,-1.508364496292442236e-01,1.766541345433129961e-01,7.296569779859503058e-01,-8.256308013605881402e-02,5.310032126548946962e-01,1.421785990384209386e+00,-1.329125302973722222e+00,9.946377921883507722e-02,1.349170560607841018e+00
3.900000000000000000e+03,1.329559328588009182e-01,3.620736764045047185e-01,9.069229472723125962e-01,1.673426989568357892e-01,7.137573045572165320e-01,2.638113381709881633e+00,-1.163047808225142338e-01,5.456367692956590743e-01,2.053318370888962185e+00,-3.561659998773219482e-01,1.515422336225420441e-01,8.841855264365208189e-01,-1.853578541454609652e-01,1.754331029625018079e-01,7.428356681548685669e-01,-1.010852553673758508e-01,5.129961798313349419e-01,1.425074610279059684e+00,-1.539489887217707409e+00,4.727219014294164329e-02,1.181836970990161939e+00
4.000000000000000000e+03,1.309730392871137072e-01,3.622216072499023776e-01,8.799445127379007525e-01,1.668093634001094894e-01,7.348504252507269685e-01,2.667502220824900849e+00,-7.020964533814001707e-02,5.503599394689193680e-01,2.045708267773970412e+00,-3.074764712668914823e-01,1.661135709816515260e-01,8.944000444443432896e-01,-2.044799692333364727e-01,1.676446927844336132e-01,7.038592513086772140e-01,-1.216065161666824018e-01,4.913211820308674982e-01,1.402305989424103005e+00,-1.450366732921209545e+00,2.903756084334058532e-02,1.261489846667561254e+00
4.100000000000000000e+03,1.367634184767867744e-01,3.608972605093129227e-01,9.262385806729026561e-01,2.338698485587754894e-01,7.917592324834752393e-01,2.845249787384857232e+00,-4.598584487146044342e-02,5.488729450661080644e-01,2.000545397277909476e+00,-3.195311665046520755e-01,1.531133487465319021e-01,8.347193292513143126e-01,-1.923256254018414213e-01,1.481049231730680593e-01,6.868584512328045344e-01,-9.071950154168972880e-02,5.365298772195554733e-01,1.488445941662843053e+00,-1.338640257424963620e+00,5.271327592105652660e-02,1.291073809627300895e+00
4.200000000000000000e+03,1.338290927384089002e-01,3.617347546528926761e-01,9.109209842149054159e-01,2.553198534752986748e-01,8.184400081200008392e-01,3.004363605473086007e+00,-2.499184378264941025e-02,5.537546559994064310e-01,2.043092578679485349e+00,-3.203578814178707490e-01,1.369369523741271188e-01,8.531201747392203050e-01,-2.187534390645581306e-01,1.306326296280171106e-01,6.895826817194212754e-01,-7.043900493715138378e-02,5.386979044459395682e-01,1.498832410968495177e+00,-1.487567148939437978e+00,4.118490186607356995e-02,1.172002119564835354e+00
4.300000000000000000e+03,1.316207856667572229e-01,3.505865520167297245e-01,9.157677888265594035e-01,3.070301082677682203e-01,8.500872015232059375e-01,3.178032700967310387e+00,-1.571108241940083819e-02,5.633282544176441142e-01,2.071588963120607474e+00,-3.666969888758523366e-01,1.121706904038332203e-01,7.905772407595302864e-01,-2.371840245378847301e-01,1.176445807010257916e-01,6.499434851366188148e-01,-8.235446670672673386e-02,5.548228333123250700e-01,1.458310542166542323e+00,-1.565651514690160617e+00,3.782715368985969939e-02,1.170566491640495643e+00
4.400000000000000000e+03,1.484574372435752965e-01,3.595517655338856811e-01,9.611088761314585671e-01,3.454085515919826377e-01,8.738690949386495044e-01,3.190710836492570035e+00,1.127658009332796127e-02,5.816936154441324502e-01,2.166120708699538433e+00,-3.654142456142817630e-01,1.030379837865514625e-01,7.898674230900031290e-01,-2.161326332480838774e-01,1.193517469644292117e-01,6.469965887963765594e-01,-6.118519553699636182e-02,5.689202720264607827e-01,1.582269128626133892e+00,-1.579593899032480486e+00,2.731272531072970536e-02,1.141020813564580072e+00
4.500000000000000000e+03,1.529400170737774400e-01,3.704313868757750372e-01,9.709150905902420581e-01,3.913505472864348134e-01,8.975049239006389623e-01,3.321030216787592249e+00,9.603177801210553482e-04,5.988835192446839706e-01,2.246462317717475621e+00,-3.785603759509654775e-01,1.009470219312329775e-01,7.899706679696781864e-01,-2.457536723725061434e-01,1.030514639584466929e-01,6.622183562740440177e-01,-5.955345124444853810e-02,5.960955126386905389e-01,1.605925136671295883e+00,-1.526097556976623526e+00,4.048042923024863793e-02,1.178401276478541426e+00
4.600000000000000000e+03,1.613540938139068626e-01,3.815732403709388154e-01,9.725900919504284481e-01,4.024035187470546004e-01,8.980191488661202204e-01,3.425511819053352003e+00,4.686199318903159355e-02,6.206072889946949722e-01,2.379123862572174453e+00,-3.649926726360678275e-01,1.047477759439078004e-01,8.637153821356364780e-01,-2.730382354059962546e-01,1.035899654093650341e-01,6.510586619376093065e-01,-5.506778902042441803e-02,5.751088036694214090e-01,1.570602676407491405e+00,-1.683135953302975940e+00,3.395578389745171344e-02,1.164857511803009782e+00
4.700000000000000000e+03,1.830729614330578736e-01,3.948183023427385141e-01,1.008277897600887263e+00,4.160504080638322000e-01,9.285253504371855371e-01,3.462886802435933387e+00,4.090657855881910110e-02,6.443429468352058764e-01,2.482205888241939995e+00,-3.442442262758921290e-01,1.277592808799871138e-01,8.420899436387352388e-01,-2.246315871495758454e-01,1.130000509128410158e-01,6.993534908121895599e-01,-4.311472629794180916e-02,5.945143639232320920e-01,1.570949164324466851e+00,-1.645547042154019035e+00,3.097985368346486273e-02,1.169572956732750191e+00
4.800000000000000000e+03,1.782180790135785009e-01,4.064825271384520100e-01,1.044987604197497477e+00,4.236033429922393401e-01,9.291792377690237803e-01,3.553991277292213091e+00,3.821237237920863117e-02,6.552138156658458001e-01,2.523265593947087826e+00,-3.553170230417216913e-01,1.374963079998165194e-01,8.987101072439683813e-01,-1.989228779887474152e-01,1.379637532346036366e-01,6.868431037476837586e-01,-3.731948152759517051e-02,5.936819177824976812e-01,1.554453850401320336e+00,-1.603582187208191012e+00,2.922790037781294176e-02,1.224053870954040946e+00
4.900000000000000000e+03,1.978025937286700953e-01,4.230827802861524267e-01,1.090443351610428602e+00,3.784524443200372734e-01,9.549491257277848977e-01,3.641744133821767093e+00,4.725448443574167823e-02,6.710534033209090143e-01,2.631893410467537553e+00,-3.313449237994064989e-01,1.553844368724433544e-01,9.107639899462246502e-01,-2.072820617678508837e-01,1.582276141818181325e-01,7.574721708610234749e-01,-2.676779708717219944e-02,5.926382326475621021e-01,1.544015194604840824e+00,-1.648248299645063586e+00,4.713369739377992751e-02,1.232775310560464632e+00
5.000000000000000000e+03,2.028481390377073479e-01,4.321323220597394488e-01,1.096604656617683693e+00,3.484016617605668609e-01,9.455963682935872860e-01,3.677302536104479103e+00,4.942993261935708232e-02,6.691903594640413733e-01,2.637483347017267388e+00,-2.742012623203941013e-01,1.708387821090532610e-01,9.318492243403224684e-01,-2.000849401083245327e-01,1.620152700338488017e-01,7.564708549714075358e-01,-3.039066691047965715e-02,5.941741904316222289e-01,1.580596333861955083e+00,-1.763286104980611668e+00,4.173916064220918598e-02,1.265676480106927793e+00
5.100000000000000000e+03,2.101158872783254195e-01,4.316935800219483532e-01,1.080444023496869299e+00,3.271520406766171840e-01,9.388390344382548935e-01,3.628631398665921992e+00,3.948401743492285787e-02,6.881811849911729784e-01,2.656930491472067501e+00,-2.980899619346916718e-01,1.668629125100911659e-01,9.404780429451723434e-01,-1.913314160080975823e-01,1.679496775561069577e-01,7.807147554947121426e-01,-3.427965109341004485e-02,5.970351191335407925e-01,1.560991313753502308e+00,-1.928892475142240936e+00,1.825346891412775452e-02,1.239200757691220289e+00
5.200000000000000000e+03,2.039589329504516990e-01,4.387010514111319148e-01,1.097828687267329073e+00,3.119459280481391428e-01,9.465311553266261280e-01,3.640564883741359115e+00,5.788421042995892107e-02,6.895825510114524937e-01,2.743860223532894604e+00,-2.737778641834354709e-01,1.800264838929432343e-01,9.662690313317803259e-01,-2.048921160384621076e-01,1.613765871501226523e-01,7.851635989256652293e-01,-5.772295865434298040e-02,5.884702556244582050e-01,1.561484346573810189e+00,-2.025793209063114553e+00,2.355304535961616486e-02,1.285861822223347106e+00
5.300000000000000000e+03,2.018052170196416861e-01,4.524895492770764083e-01,1.144058506825530452e+00,2.663837108778261409e-01,9.484726963578712366e-01,3.759625461306134397e+00,4.582465877133094778e-02,7.073982163305786441e-01,2.735067653106567853e+00,-2.991369058527448277e-01,1.970119831510008246e-01,1.015923223380159390e+00,-1.559410165656723579e-01,1.820360702020166754e-01,7.756905041825179481e-01,-3.228471431224272381e-02,5.780276785864086886e-01,1.572159492832535310e+00,-1.800923463954737791e+00,3.097718920387247665e-02,1.346885375288475517e+00
5.400000000000000000e+03,2.190065089563458800e-01,4.465066620978377920e-01,1.138017091843808171e+00,2.751296552848921939e-01,9.474988860151110082e-01,3.801290767375759660e+00,3.003553013254039311e-02,7.184947896565264669e-01,2.861324778887472053e+00,-2.493564502284195128e-01,2.023256453950872114e-01,1.089885951822471277e+00,-1.302946519245686552e-01,1.900571348571506725e-01,8.139257095276739573e-01,-9.418403270413222561e-02,5.250175950181987794e-01,1.483771380800646078e+00,-1.810878036420334958e+00,2.150870382436494838e-02,1.388028572641966996e+00
5.500000000000000000e+03,2.140420752985630615e-01,4.513677909450634074e-01,1.145479102458603071e+00,3.220512103124232861e-01,9.562501097028358599e-01,3.856171703781298810e+00,5.882874662972156082e-02,7.360519419372908434e-01,2.845822984903155550e+00,-2.740740767276469425e-01,2.016383345471612909e-01,1.171369315418879120e+00,-1.159968582515362723e-01,2.023566551667271840e-01,8.239049710107437807e-01,-6.244108826019186681e-02,5.393749568290309160e-01,1.509239059392838422e+00,-2.108439374019975610e+00,2.222555290479855811e-02,1.432272043611523271e+00
5.600000000000000000e+03,2.392500278654816903e-01,4.661635662496814714e-01,1.214758449177490540e+00,3.534962250211957091e-01,9.742359408640284268e-01,3.923667070484886832e+00,5.730843215390011430e-02,7.396928944780389870e-01,2.956188283892983382e+00,-2.371091714573644038e-01,2.106538183455731739e-01,1.146640397496734520e+00,-1.096659523797023916e-01,2.249335306683440394e-01,8.463883366064408609e-01,-5.605083533222491449e-02,5.746662955524186600e-01,1.583995019559196527e+00,-2.020533895774947020e+00,3.688171212435302493e-02,1.456006352628677281e+00
5.700000000000000000e+03,2.261208508145363116e-01,4.782362736962509908e-01,1.266019483460602446e+00,3.833561717439769589e-01,1.000384971935551093e+00,4.036599026770459453e+00,8.863098570618943572e-02,7.543552743764316837e-01,3.095239174698387163e+00,-2.430261526938142791e-01,2.250569814237208255e-01,1.126887402703833807e+00,-1.478533473124374331e-01,2.149854219577988779e-01,7.863544986098814915e-01,-4.022729417514783051e-02,5.987607231306665279e-01,1.585378960702952700e+00,-1.840748849757125827e+00,4.781144931284721233e-02,1.495787292145420944e+00
5.800000000000000000e+03,2.470767435206708273e-01,4.916900595144388930e-01,1.282706486986666450e+00,4.294042010057848024e-01,1.008650730677686180e+00,4.120498190555154316e+00,1.458082737865750989e-01,7.889859499778032470e-01,3.153926626166462466e+00,-2.293146564336770443e-01,2.288098331626831627e-01,1.141560675283700643e+00,-1.324063406080314420e-01,2.134442943124060521e-01,8.076473499231449082e-01,-3.683347295985810871e-02,6.043618285537635249e-01,1.634939415176020816e+00,-2.278441669808014769e+00,3.213264532816907659e-02,1.476146322859178017e+00
5.900000000000000000e+03,2.467705318372866163e-01,4.926359775493831528e-01,1.262539723831340721e+00,4.643207899453677401e-01,1.017725525182023638e+00,4.080621951106478740e+00,1.526390457613922003e-01,7.911959868870059864e-01,3.254700428268682444e+00,-2.531749935675238761e-01,2.302592328352953133e-01,1.095070272127555588e+00,-1.220561104566645072e-01,2.254939940788051600e-01,7.795568967239447922e-01,-5.449931943270838741e-02,6.109242634534859384e-01,1.636203441588300667e+00,-2.324983766804090024e+00,-6.365610594963251254e-03,1.357865725813056645e+00
6.000000000000000000e+03,2.725149960815196337e-01,5.135236691492952588e-01,1.292675210954256082e+00,4.754834589232556641e-01,1.035413733264737512e+00,4.087150403417996181e+00,2.569980177582239511e-01,8.273060838896809654e-01,3.316153423078917140e+00,-2.183072366078525894e-01,2.431329823661011469e-01,1.141051271330578265e+00,-1.025702919243364347e-01,2.317658411107915151e-01,7.922315131553718803e-01,-1.927875842051678112e-02,6.474140389270173213e-01,1.642258184378505792e+00,-2.074755253575954139e+00,3.152206752906446668e-03,1.449722877855328829e+00
6.100000000000000000e+03,2.775573733669772225e-01,5.271825464729262833e-01,1.366634032773856866e+00,4.921237832138929402e-01,1.061899758251391823e+00,4.179551759486906271e+00,2.804655529930013547e-01,8.274161743688637216e-01,3.372234219840172909e+00,-1.931742621463867771e-01,2.493508787608230692e-01,1.166423277932783664e+00,-1.355421340963378352e-01,2.217833908175505797e-01,7.916577461362283019e-01,-2.154749240267820470e-02,6.539816384279155681e-01,1.625344231130885664e+00,-1.797157386300285875e+00,2.499261006028568113e-02,1.540260713769700862e+00
6.200000000000000000e+03,2.913895850737290294e-01,5.333663741804032243e-01,1.375370410953351330e+00,4.884799800790820545e-01,1.064176872971074550e+00,4.194594043226246960e+00,3.005123834931783255e-01,8.463362030428571714e-01,3.445165168087581442e+00,-2.353371908053719097e-01,2.376643836904836493e-01,1.154239716296864948e+00,-1.245042576634359521e-01,2.374653729793154144e-01,8.274417444853281456e-01,-1.268245663170037944e-02,6.682978082335367942e-01,1.693417377347009367e+00,-1.639231526812596318e+00,4.544147349187455109e-02,1.563356744804008214e+00
6.300000000000000000e+03,2.786473947369121351e-01,5.321200086839369403e-01,1.396644809366272222e+00,5.057157496761367499e-01,1.062591045595294048e+00,4.195705251049846041e+00,3.362617450932897656e-01,8.541213884659599742e-01,3.520088745915918249e+00,-2.249661648566115835e-01,2.331062278714725045e-01,1.107941082749685835e+00,-1.482097430608863287e-01,2.289339741375920889e-01,8.107639936169770412e-01,-1.454299699931359095e-02,6.649706337933884992e-01,1.752832847525213733e+00,-1.925181599508241082e+00,6.036825411850742923e-02,1.525905220949395513e+00
6.400000000000000000e+03,2.918127974802482982e-01,5.373730314698836885e-01,1.362365276527333524e+00,4.398207514621777503e-01,1.074733676034752117e+00,4.162978980249230965e+00,3.315676119938538724e-01,8.706960880323043606e-01,3.550406441939492286e+00,-2.262003817893031010e-01,2.452048370457693138e-01,1.052123500928062505e+00,-1.271347677505521856e-01,2.535120742478040867e-01,8.575912499372299047e-01,2.733421985280515797e-03,6.701002022861448637e-01,1.767049470369729480e+00,-2.153968749253251769e+00,4.224501018831561261e-02,1.511085990330755191e+00
6.500000000000000000e+03,2.879552906162086146e-01,5.331935257238009651e-01,1.382200042406551921e+00,4.506560024384271279e-01,1.072795439007270479e+00,4.102296883223306878e+00,3.159765988701145889e-01,8.570733053520929179e-01,3.540224591971790957e+00,-2.265368923856233008e-01,2.309893824684333685e-01,1.079422414960718335e+00,-9.416390477452157848e-02,2.640928767631972041e-01,8.655969929450556544e-01,9.921012774676126952e-03,6.665072486127305851e-01,1.829398710479456014e+00,-2.076946881828532376e+00,3.364196408278328360e-02,1.413208576308435438e+00
6.600000000000000000e+03,3.009749555767436413e-01,5.428159622354973290e-01,1.396320928068663259e+00,4.375494209732038731e-01,1.053904543855371578e+00,4.160684386467295326e+00,2.938897430421975043e-01,8.728588152296231639e-01,3.544943958273729212e+00,-2.058717962676517299e-01,2.551139053210198515e-01,1.072389728274007137e+00,-8.737400762980646052e-02,2.629800219061050326e-01,8.257187083508021885e-01,1.013767451042036673e-02,6.953777877524633944e-01,1.834338058239615377e+00,-1.952609254132482430e+00,4.427759100616660004e-02,1.489177423347024964e+00
6.700000000000000000e+03,2.944443570018873135e-01,5.346229442270240551e-01,1.340124724970534809e+00,4.256045797621010318e-01,1.033640310004105611e+00,4.122743424635978648e+00,2.628335730454523511e-01,8.746968702950026486e-01,3.524264619741994675e+00,-2.451409634299785978e-01,2.241124801007337020e-01,1.052624699737455760e+00,-1.126438972207011446e-01,2.480428654951342682e-01,8.275536428224407048e-01,1.100264811540993190e-02,7.218898428637363640e-01,1.817043677502641064e+00,-2.270143249325774715e+00,3.273616967185192378e-02,1.425115104597640459e+00
6.800000000000000000e+03,2.855663752832861002e-01,5.262999189466295302e-01,1.327239403858097022e+00,4.077113422927742814e-01,1.021098133034732180e+00,3.922032301803349164e+00,2.319016169696287988e-01,8.758134666434597149e-01,3.581179148711808757e+00,-2.875529545648760066e-01,2.183394705090925536e-01,1.080398344092443175e+00,-1.329307596543802261e-01,2.346727095377735828e-01,8.214998390064481848e-01,6.049230647992800969e-03,7.082202708082017129e-01,1.816650897953256294e+00,-2.457451846325953593e+00,9.941814050791761628e-04,1.422158387089792253e+00
6.900000000000000000e+03,2.670083609420472737e-01,5.195470940539959059e-01,1.311582211986239921e+00,3.703933470623970714e-01,1.006713477202402451e+00,3.930660179390169873e+00,2.035713197240013317e-01,8.681242918169849165e-01,3.453551827451422085e+00,-2.592649818595041400e-01,2.065799431454988233e-01,1.019210753704232530e+00,-1.312220314483243944e-01,2.341374694402924561e-01,8.299665917618385125e-01,-7.523052928679816766e-03,6.888506600154229442e-01,1.790829113556514418e+00,-2.438235379722312857e+00,-4.481833074255932303e-03,1.512017212008543776e+00
7.000000000000000000e+03,2.662118299884373429e-01,5.120713364400220069e-01,1.298480574870756410e+00,4.031865755662174533e-01,1.005706445400545324e+00,3.930251874799616019e+00,1.698283377683566242e-01,8.688350879539465943e-01,3.413321714014387442e+00,-3.020213420005086191e-01,1.829004156464053288e-01,1.008094847185094123e+00,-1.375697932095817644e-01,2.286785619756905863e-01,8.103537739245347815e-01,-1.173625988448262145e-02,6.924249053464250903e-01,1.816963912928602820e+00,-2.373258122634718248e+00,8.508195727110971773e-03,1.479253978453535678e+00
7.100000000000000000e+03,2.524516786959410952e-01,5.105017606185243695e-01,1.303958187211138764e+00,3.729582818948939948e-01,1.014317865959175613e+00,4.075865220537320255e+00,1.871044075679805241e-01,8.513572864020982900e-01,3.390337298426076007e+00,-3.322972909685771858e-01,1.907547894265948785e-01,1.029684353117122031e+00,-1.611442999125317910e-01,2.441631202097068187e-01,7.974950587822003945e-01,-2.773199451523841036e-02,6.901436257492888915e-01,1.812456856807664884e+00,-2.669874748360929750e+00,-9.789553734516788855e-03,1.351112930728746386e+00
7.200000000000000000e+03,2.305667117841593006e-01,4.940286820717180172e-01,1.261668173642454871e+00,3.888227354146511772e-01,9.971408816769971040e-01,4.088869757653804449e+00,1.369577323233326649e-01,8.474338022208532939e-01,3.401102877812050895e+00,-3.418948284169421314e-01,1.476901468365010572e-01,1.006184604243516745e+00,-1.486088516359944101e-01,2.361288928851343893e-01,7.970456521393221028e-01,-2.022690432717604361e-02,6.763870493746231283e-01,1.779553697547417546e+00,-2.898709431954902715e+00,-4.119005508057791559e-02,1.287250930971936214e+00
7.300000000000000000e+03,2.263465107370000451e-01,4.775626826611571452e-01,1.237887626822536502e+00,3.268299587213631674e-01,1.026325826214697479e+00,4.063367175907283801e+00,5.249050060625372327e-02,8.363562822866232871e-01,3.404986961824751468e+00,-4.197102081895326964e-01,1.407090025595116867e-01,9.572471690139381373e-01,-1.524726563405503499e-01,2.463736400779455438e-01,8.059395496083014976e-01,-3.033584308370421492e-02,6.717626474624435184e-01,1.758533419705760714e+00,-2.939010907381103710e+00,-5.476027246466765724e-02,1.207350773513458320e+00
7.400000000000000000e+03,1.880443372078671183e-01,4.706210242359156748e-01,1.192422054105489071e+00,3.264439365532679216e-01,1.030672059783983574e+00,4.241216204502156195e+00,2.423959899274222979e-02,8.281899614798655662e-01,3.392724792550507740e+00,-4.025488754432020033e-01,1.185645275702881113e-01,8.807417952145797369e-01,-2.074136235406347784e-01,2.124218275370881870e-01,7.573996846858092047e-01,-6.888397629662852684e-02,6.693273838559230526e-01,1.732178480299036538e+00,-2.917666722444193006e+00,-7.601376567099892012e-02,1.156674711240546438e+00
7.500000000000000000e+03,1.671423624576923173e-01,4.471336977031514781e-01,1.155375441577004114e+00,3.221539916283650551e-01,1.033569486950709049e+00,4.367380771548029728e+00,-5.668201316706764775e-02,8.076507571363638061e-01,3.224984995357871309e+00,-4.333895848893954961e-01,1.059580534899850074e-01,8.550578156907252536e-01,-2.233237997110632811e-01,1.770383901714852604e-01,7.328422987731209037e-01,-3.767096522285449250e-02,6.496730997777215855e-01,1.727095887940694796e+00,-3.181453893048433290e+00,-1.083528721704877656e-01,1.099250461124974043e+00
7.600000000000000000e+03,1.667239031269144023e-01,4.385457804671529791e-01,1.088652952230937165e+00,3.189019960002533183e-01,1.038058614234468990e+00,4.389382091281058607e+00,-5.389379473219085837e-02,8.011321084134908066e-01,3.139424196625260066e+00,-4.360197844820811186e-01,9.933215337510535592e-02,8.410389642788728137e-01,-2.070368922192359906e-01,1.570702384230444337e-01,6.873063746492289461e-01,-8.325693971199811527e-02,6.447080741061395059e-01,1.705339999400771189e+00,-3.440919634337237021e+00,-1.056412218517423507e-01,1.155083176242661436e+00
7.700000000000000000e+03,1.397889927005819266e-01,4.307675975556616854e-01,1.060906525506591702e+00,2.603800295333786874e-01,1.018712834262853972e+00,4.402442407863239815e+00,-4.716077408271069499e-02,7.736703681363635843e-01,3.052913319688133065e+00,-4.542598333590909809e-01,9.335545464302699714e-02,8.576929987592081250e-01,-2.543056769162997388e-01,1.312638311396123747e-01,6.961757890974618057e-01,-8.412681924966498859e-02,6.440673190245498336e-01,1.699789643957026586e+00,-3.547108011768535185e+00,-1.170908079322486167e-01,1.147943702085875373e+00
7.800000000000000000e+03,1.554329795170857897e-01,4.208161302575496587e-01,1.007528648231595492e+00,3.036410808963210251e-01,1.018337480420218766e+00,4.289179194317958910e+00,3.035340405206571075e-03,7.570871127999110328e-01,2.985360459223634688e+00,-4.937932869539145564e-01,8.634187595899646406e-02,7.915249573103028125e-01,-2.354727986632596803e-01,1.290772079539985739e-01,6.927745607541019313e-01,-8.576642915458926320e-02,6.735988010250075764e-01,1.752171616005959276e+00,-3.678724930466747089e+00,-1.372100665922983964e-01,1.166427442232301992e+00
7.900000000000000000e+03,1.207538866379151282e-01,4.028865187675201298e-01,9.508968814305714945e-01,2.530146483370213639e-01,1.006009857160730325e+00,4.163534125114862761e+00,4.210240336563828706e-02,7.297814818982739649e-01,2.973937546475592164e+00,-5.522228927615812077e-01,6.529204154606062238e-02,7.780410832971076385e-01,-2.450432613972133578e-01,1.247411651824438389e-01,6.888318449807296906e-01,-8.149057803362476371e-02,6.295393494020125047e-01,1.701368443606563918e+00,-3.776633623288069952e+00,-1.658110319701994462e-01,1.130959103442126690e+00
8.000000000000000000e+03,1.241623394731081187e-01,3.859610263698404764e-01,8.973186982153551483e-01,1.955872231779155757e-01,9.934151177314047843e-01,4.001350358864404377e+00,1.625560232041781128e-02,7.028239023264462038e-01,2.872477279704542585e+00,-5.573180484649066235e-01,5.933754043228063602e-02,7.331691962045461253e-01,-2.622420849976186408e-01,1.103228254474346304e-01,6.702310916839615551e-01,-9.100209882734597300e-02,6.140402799287987268e-01,1.678894200374670298e+00,-3.704307957576381760e+00,-1.785631826380679743e-01,1.115342410030445208e+00
8.100000000000000000e+03,1.163166947540104773e-01,3.767187869554496915e-01,8.681990884498062000e-01,1.739370218212603070e-01,9.154778249214876595e-01,3.707449563994489772e+00,9.459923251059762506e-02,6.672149577800359221e-01,2.751362126127004260e+00,-6.091795084421308681e-01,4.377538566650909790e-02,7.056734772830574043e-01,-2.565354205377505803e-01,1.107933718291617825e-01,6.354633101679594276e-01,-8.993053321767545405e-02,6.371811132195497329e-01,1.745324924597681182e+00,-3.451833095410191454e+00,-1.471549881391038261e-01,1.209441159383724873e+00
8.200000000000000000e+03,9.197075820117951717e-02,3.526249507210469369e-01,8.326062437141290573e-01,1.469927926829016351e-01,9.057713285405670778e-01,3.480907437017011663e+00,1.156282119813396292e-01,6.469192982982215900e-01,2.560651014738575260e+00,-7.199921460101301740e-01,1.109013613400389522e-02,6.313098245128941910e-01,-2.932378532517012637e-01,9.088176095899994089e-02,6.491943316869978053e-01,-1.040350922425073710e-01,6.228633726417529548e-01,1.705260285666076125e+00,-3.120893807018517041e+00,-1.157112851990784452e-01,1.212337818312638982e+00
8.300000000000000000e+03,9.528753330700018287e-02,3.388099725218266522e-01,7.842431898443416038e-01,9.471129661838442737e-02,9.127421683379339790e-01,3.453150915596125081e+00,6.255659262758683781e-02,6.016851567107439624e-01,2.385988001816936155e+00,-7.878683328255037255e-01,-6.031548436886909753e-03,6.518932540444124513e-01,-2.907648018263240264e-01,8.831343849505259025e-02,6.834962143706676541e-01,-7.794221364667767993e-02,6.265963531761062910e-01,1.703272174183995125e+00,-3.089378806944909073e+00,-8.931730167060340786e-02,1.288959018004350643e+00
8.400000000000000000e+03,6.790363711735558638e-02,3.261596354256199315e-01,7.519538846829556533e-01,5.292941846151587304e-02,9.034994574109195264e-01,3.580039435690894667e+00,4.959728569407503840e-02,5.713206213980498438e-01,2.279790540797570930e+00,-8.201581725014782664e-01,-2.019399082194838629e-02,5.667633054181817620e-01,-3.208174640397387090e-01,6.627164963410350773e-02,6.232692655512391822e-01,-5.685442633576971022e-02,6.409611109722438416e-01,1.764136613224296823e+00,-3.200401552641578107e+00,-8.091473388175746129e-02,1.360428205411158054e+00
8.500000000000000000e+03,6.216535742047343133e-02,3.238413304008265770e-01,7.349796045753911322e-01,7.520813550232589850e-02,9.264074595379638843e-01,3.596099212645118559e+00,3.590344874463619117e-04,5.380003273904787608e-01,2.187550657510231922e+00,-8.462990502209625232e-01,-3.260833777058001759e-02,5.756240776099155187e-01,-3.304917834387168796e-01,4.994847661079467732e-02,6.332496652183413621e-01,-5.189728932193762162e-02,6.459874190176122521e-01,1.758232918990248361e+00,-2.706326403960570115e+00,-6.819206839079666738e-02,1.431293527341411798e+00
8.600000000000000000e+03,5.640196089768637761e-02,3.125833575965734079e-01,7.321991534947546176e-01,8.066490369444623276e-02,9.510092876199336409e-01,3.624055839554573666e+00,-4.784297080263628932e-02,5.095531209384644988e-01,2.083513228241526072e+00,-9.904521698155189791e-01,-6.248694935950417639e-02,5.410483385149653657e-01,-3.290760046591618138e-01,4.811073431833969710e-02,6.191183445114231132e-01,-7.257171436097303863e-02,6.981365266844412609e-01,1.833336807521071865e+00,-2.426467367900539518e+00,-2.191326714054515207e-02,1.504788693619070639e+00
8.700000000000000000e+03,4.520239959894712528e-02,2.988759465421557682e-01,7.049082080988234855e-01,8.836926172745433739e-02,9.732583978880493536e-01,3.785519616932354392e+00,-2.121679549399090592e-01,4.629427420740711563e-01,1.938957089039113457e+00,-1.093867901344262927e+00,-7.999433392812232979e-02,5.402452436640603484e-01,-3.469546946095440343e-01,4.677924753826358251e-02,6.304253741525942534e-01,-6.341273621058191035e-02,6.769029163653272896e-01,1.815391911142869796e+00,-2.074357741242295550e+00,7.710190007715127594e-03,1.603266754524672155e+00
8.800000000000000000e+03,4.820179124438776080e-02,2.923845091770030935e-01,6.771285858762996490e-01,1.456405531909789608e-01,9.859010539147956553e-01,3.917115097905941923e+00,-2.383510859402923066e-01,4.342965110440753507e-01,1.804951988514948535e+00,-1.092554699227216153e+00,-8.933285297714342599e-02,5.260640973626643513e-01,-3.207202427462104710e-01,4.583942129598132798e-02,6.468020422191170793e-01,-8.184872877208916597e-02,6.830964720492992415e-01,1.732232364744962672e+00,-2.108046445306215322e+00,2.696712208681326453e-02,1.691797860733517789e+00
8.900000000000000000e+03,2.885848613959229175e-02,2.903467527060361042e-01,6.859833134124523335e-01,1.485971427412794421e-01,9.909869609181790606e-01,3.957953855699386736e+00,-2.931835131693175667e-01,3.907279544763194723e-01,1.625247479059671152e+00,-1.182186239375406345e+00,-1.074413072063260949e-01,5.352377788981654838e-01,-3.466893104282904314e-01,3.917233367893666052e-02,6.705900704892551190e-01,-5.734840861738647183e-02,6.919502985749506063e-01,1.784398882821900401e+00,-1.998520914932500059e+00,5.995484500422928326e-02,1.773233230947597550e+00
9.000000000000000000e+03,4.191244808917524156e-02,2.831062396215602850e-01,6.715491077474398107e-01,2.823404065253838358e-01,1.037024114887652670e+00,4.111185600251192618e+00,-3.018538160080078692e-01,3.645887009742372342e-01,1.633848135583319872e+00,-1.176289256061333610e+00,-1.146463225672091080e-01,4.935068691704688759e-01,-3.309057067045455547e-01,4.427974972382111435e-02,6.304836977234018480e-01,-6.639124915024324780e-02,7.101801400318654700e-01,1.805420526503303424e+00,-1.926068324906708096e+00,6.788847126219849093e-02,1.762477827724711510e+00
9.100000000000000000e+03,2.537245188736609106e-02,2.824351203182678405e-01,6.385103832214177322e-01,3.819478322466943188e-01,1.068464560065926161e+00,4.131881480895724934e+00,-3.186957019438182992e-01,3.402059586321987683e-01,1.537072373545151693e+00,-1.287530404211140622e+00,-1.316612238970542581e-01,4.803355714281665745e-01,-2.910085453728901150e-01,4.857967967410973392e-02,6.492769581537932710e-01,-5.660082326962058430e-02,7.230490937138742691e-01,1.872612510567318367e+00,-2.196139583143479346e+00,7.274024769584533368e-02,1.801276888760612316e+00
9.200000000000000000e+03,1.286457878881998133e-02,2.734852864236869685e-01,6.325162346618941056e-01,3.812163006161820022e-01,1.094776471789051353e+00,4.164012069266178173e+00,-3.561869033679165852e-01,3.144047199537621795e-01,1.497870845259806627e+00,-1.294980122851011384e+00,-1.409916082168329032e-01,4.718243546619824702e-01,-3.079241813090908830e-01,4.637769027828030077e-02,6.904813809686723980e-01,-4.815845183253107675e-02,7.161719791143345004e-01,1.861071626821549252e+00,-2.119015059290271896e+00,6.457638727153373892e-02,1.805811509923350489e+00
9.300000000000000000e+03,5.799509039397830919e-03,2.656440105460049494e-01,6.437365196791913213e-01,3.765665109908082342e-01,1.112049713917355520e+00,4.147678780678209165e+00,-3.514019228279520735e-01,2.871793919830886721e-01,1.313428249531443104e+00,-1.411710078161708015e+00,-1.636175600768677574e-01,4.300336180937183173e-01,-3.360439088521319229e-01,3.464386254922178360e-02,6.486874498178506476e-01,-4.438400101144140270e-02,7.081768532413954542e-01,1.961241811423144021e+00,-1.988158289894110808e+00,9.362613708917558175e-02,1.810863961574695091e+00
9.400000000000000000e+03,-4.712336558133952379e-03,2.580305360632080269e-01,6.342550757581567611e-01,4.084561123616304856e-01,1.146741406277618225e+00,4.197713460780887473e+00,-3.333350753853775439e-01,2.521955667712630356e-01,1.275485713985816671e+00,-1.363654824916090913e+00,-1.757183683454024981e-01,3.716097035756593669e-01,-3.490677561501343562e-01,2.812910876080535957e-02,6.533838226016714934e-01,-5.217427457502913507e-02,7.320053003558066873e-01,1.972708006131122849e+00,-2.111653858216999691e+00,9.687232969186768128e-02,1.784862575559312381e+00
9.500000000000000000e+03,-3.433268925702488011e-02,2.440892260355400079e-01,6.036023299631378958e-01,4.615012346433965407e-01,1.192943076448511164e+00,4.412105942731207264e+00,-3.431825164591543187e-01,2.273524958381916150e-01,1.199198401554435911e+00,-1.485154059300526797e+00,-2.082336629871089362e-01,3.552540597848435344e-01,-3.393739792038457104e-01,2.369351084407067543e-02,6.310468766604085955e-01,-4.876460138324041627e-02,7.166770654047165401e-01,1.922667214839963723e+00,-2.185324058715357509e+00,9.312866747938397527e-02,1.850793742881988280e+00
9.600000000000000000e+03,-7.018350932128861186e-02,2.344892893252331079e-01,5.777253775804764846e-01,4.691935094233008474e-01,1.189676079031917411e+00,4.366740547430629782e+00,-3.758986711806305836e-01,1.918003846322377526e-01,1.216143112014530736e+00,-1.646327880186087000e+00,-2.322967291074801155e-01,3.596281783590566938e-01,-3.886339057853812617e-01,1.847824413784540307e-02,6.170528495328870822e-01,-6.954563672116069462e-02,7.268098020550037841e-01,1.917255871832257652e+00,-2.203133550090001780e+00,9.259027645018602648e-02,1.847483264999171260e+00
9.700000000000000000e+03,-1.139043440053987555e-01,2.097159026743415366e-01,5.306738282346429303e-01,3.784821515862171748e-01,1.198414167426814725e+00,4.358954856529109634e+00,-4.005169239649390422e-01,1.471697035818408661e-01,1.103521812765289267e+00,-1.746788703134321885e+00,-2.555370545336547172e-01,2.808229227652218607e-01,-3.688287907803217691e-01,1.422636109084592093e-02,6.127593583665285060e-01,-1.089952647999554297e-01,6.910314272249183931e-01,1.866437480823588402e+00,-2.428886144919244039e+00,1.171526546783854955e-01,1.876876786369753969e+00
9.800000000000000000e+03,-1.999607499146194289e-01,1.797457296353915102e-01,5.140653910701891149e-01,3.940659588789169332e-01,1.204685275885333029e+00,4.243133219471913797e+00,-4.597687535592132613e-01,1.015086413439062057e-01,9.800566090785113316e-01,-1.858498676689446238e+00,-2.796420676074380385e-01,3.001636720654085044e-01,-4.407659620004311662e-01,5.865675545287487788e-03,5.619325465768408856e-01,-1.015806134732038651e-01,6.676335344950384831e-01,1.818102840869894710e+00,-2.695280308100199917e+00,9.385467032230351836e-02,1.870931314700837067e+00
9.900000000000000000e+03,-2.761477490654519196e-01,1.548401696332395439e-01,4.704835368833070186e-01,4.003455974491733627e-01,1.202017690500380320e+00,4.180152677252442217e+00,-5.578436463882552321e-01,1.864297525712985126e-02,8.731778396880137683e-01,-1.943467693058718471e+00,-3.043068097672084749e-01,2.243644781394228127e-01,-4.327708344262235496e-01,-6.206348479573318977e-03,5.449242511316019222e-01,-1.178718361862806652e-01,6.406154189848815017e-01,1.814324978092017204e+00,-2.738681541630410443e+00,7.545697952656642282e-02,1.979535077825629763e+00
1.000000000000000000e+04,-4.012026465177599976e-01,1.236830864647167072e-01,4.381966317082477413e-01,3.422100828703126263e-01,1.223522686373244239e+00,4.125869437258293360e+00,-6.881807510672632855e-01,-7.382716984624265733e-02,7.574251581425741620e-01,-2.017554615624810754e+00,-3.468492936010591499e-01,2.541328558913222846e-01,-4.434759242676417634e-01,-1.181460075176615429e-02,5.678699946628471551e-01,-1.204656886612108235e-01,6.104816614934808205e-01,1.739724058450994759e+00,-2.777577261080238280e+00,7.330442321382064919e-02,1.953466640065042448e+00
1.010000000000000000e+04,-4.549067416199268354e-01,9.317971024808735514e-02,4.112599071410621976e-01,3.244341906321357993e-01,1.195148138150169181e+00,4.019147866797096569e+00,-8.932174789529019332e-01,-1.647444296468522640e-01,6.364126867820854017e-01,-2.209437611662213197e+00,-3.578621022242589600e-01,1.801562449999988269e-01,-4.651001649954257799e-01,-1.931296318826727920e-02,5.092823690766330458e-01,-1.352441297105948237e-01,5.981372638655706453e-01,1.745800520243097731e+00,-2.505147215901160074e+00,8.336280803467557843e-02,1.923503044276627882e+00
1.020000000000000000e+04,-5.218416232191841475e-01,6.846386052315123205e-02,3.754431238789836534e-01,2.303284833083863448e-01,1.179768469964218358e+00,3.847032812845638805e+00,-1.182774609318422376e+00,-2.456741195154798219e-01,5.980614017499998880e-01,-2.249630227048726727e+00,-3.835839752575817552e-01,1.427310875024792591e-01,-4.714826200687098900e-01,-3.206275194275746976e-02,4.683011632514004763e-01,-1.378607746531989586e-01,6.038692753188996676e-01,1.741264436647301794e+00,-2.489182308642984065e+00,8.334255095037321204e-02,1.971269464726058462e+00
1.030000000000000000e+04,-5.656558038925195708e-01,4.591297870114767476e-02,3.693847499107872356e-01,2.033894498226587744e-01,1.165964330732305321e+00,3.629403577927942326e+00,-1.420400935951666721e+00,-3.250204890612389264e-01,5.590406873628098738e-01,-2.252130651768346592e+00,-4.052274384890144354e-01,1.840245559043222068e-01,-4.816933673775518621e-01,-3.443597459427247959e-02,4.738128981037595389e-01,-1.693102118276861301e-01,5.788971192852501169e-01,1.698560639570058539e+00,-1.982535258944797318e+00,1.421719957382193422e-01,2.016597811368464832e+00
1.040000000000000000e+04,-7.262584514138548109e-01,1.216122480091821889e-02,3.322779260719004313e-01,1.169831253289165540e-01,1.081188569830640489e+00,3.365424891490148340e+00,-1.645848765210752296e+00,-3.921821915882223175e-01,5.065989954826447539e-01,-2.387878113687516901e+00,-4.350053288852960276e-01,1.120286621516526915e-01,-5.031522756992613532e-01,-5.827539761942714114e-02,4.662195128391219412e-01,-2.435911526804086791e-01,5.520176969819252655e-01,1.638287701246199379e+00,-1.885818133210660275e+00,1.523936881063332471e-01,2.146731138076181988e+00
1.050000000000000000e+04,-8.299109321176665333e-01,-1.708239646480280705e-02,3.024715680215227520e-01,1.063640831231402600e-01,1.001990266829565046e+00,2.914165558488530205e+00,-1.999767069155960142e+00,-4.857991608860346977e-01,4.128626594070238243e-01,-2.438264020910485108e+00,-4.577570524521131778e-01,1.099963380475205699e-01,-5.323565603693294346e-01,-6.869354925308004955e-02,4.894646037355043222e-01,-2.467945892165495647e-01,5.166483077617149977e-01,1.594750269873445259e+00,-1.814929853989565522e+00,1.990141081822991986e-01,2.149454502283356661e+00
1.060000000000000000e+04,-1.014494852803247360e+00,-7.213815640932465245e-02,2.408988758749756320e-01,-6.047776107968676207e-02,8.431422212801785721e-01,2.374354420974218005e+00,-2.363381504904450647e+00,-5.626493640075743707e-01,3.624337312090896712e-01,-2.595556591424682757e+00,-4.933026622202192901e-01,6.517320430960038546e-02,-5.703263725105832682e-01,-8.785466490566215536e-02,4.295266899163467933e-01,-3.009830910901024059e-01,4.809295218516780324e-01,1.564069909370067624e+00,-2.357245221068089869e+00,1.100494826307944485e-01,2.158315290209296577e+00
1.070000000000000000e+04,-1.191419247115685254e+00,-1.208848361723969811e-01,2.069407226311313353e-01,-3.210972970390188475e-01,7.018952461386342989e-01,1.887054708387660540e+00,-2.643037544490821844e+00,-6.456865253109790315e-01,2.614830555867764805e-01,-2.738196032366951194e+00,-5.481624740953378039e-01,2.214883955531917609e-02,-6.094255301795027391e-01,-1.011353590245642198e-01,4.274755237294036170e-01,-3.562195349436299008e-01,4.351511601735534307e-01,1.538781256199313496e+00,-2.778109540034792602e+00,9.580352443613339430e-02,2.095513775991050931e+00
1.080000000000000000e+04,-1.339447984194574781e+00,-1.713410498187507014e-01,1.582706788771056361e-01,-7.719959577784150095e-01,5.495719567135655126e-01,1.508374291526125344e+00,-3.009702733075044545e+00,-7.530216310799595636e-01,2.223518229913220845e-01,-2.896783216646739767e+00,-5.973858496451704969e-01,-4.540032717735280332e-03,-6.607909598929956330e-01,-1.229686481498758199e-01,3.689347482954535296e-01,-3.677064020574380421e-01,4.022917337433994378e-01,1.537300618647867267e+00,-3.290231526762436687e+00,3.478563353967871474e-02,2.087945951122610833e+00
1.090000000000000000e+04,-1.493067004417527821e+00,-2.270790936994246667e-01,9.943879420131609970e-02,-1.236242476001505608e+00,3.865707933765052395e-01,1.223888533873846107e+00,-3.469774993079887793e+00,-8.458575324107058258e-01,1.433509304185938693e-01,-3.156418053458191597e+00,-6.353933857012410424e-01,-9.087221971061863746e-02,-6.980840748446713873e-01,-1.663670360582757413e-01,2.935032120879901285e-01,-4.199685187663093067e-01,3.877508285966219659e-01,1.445048817987997003e+00,-3.271034757673986881e+00,9.337173938236943693e-03,2.047477394520315741e+00
1.100000000000000000e+04,-1.746508186470312252e+00,-2.693035809319189733e-01,3.534256062189083253e-02,-2.010999034673248254e+00,2.421200163147985418e-01,1.068096274761124898e+00,-3.916335175668888002e+00,-9.515074731446211409e-01,4.857653531983269907e-02,-3.339843673926213174e+00,-6.933433346737262193e-01,-1.252895358120641178e-01,-7.526360862739668312e-01,-1.906222337421218660e-01,2.921918904282775897e-01,-5.636720823689682636e-01,3.185249072732641018e-01,1.438445223054806155e+00,-3.266353979275888442e+00,9.967906480488128787e-03,2.024656590312439608e+00
1.110000000000000000e+04,-1.975496118489552089e+00,-3.447894514160664281e-01,-2.085088744243224559e-02,-2.694398578599133565e+00,7.597449639414072253e-02,9.261270135628689726e-01,-4.398952195815261312e+00,-1.083791817847613803e+00,-6.790509079504111756e-02,-3.596234551696905424e+00,-7.739903841221589254e-01,-1.553158198845546456e-01,-7.938647657522076573e-01,-2.385210655941646940e-01,2.124997335796258990e-01,-5.837212551710869723e-01,2.789828622050963824e-01,1.401464584849102746e+00,-3.336018835745289568e+00,-1.594136673843478055e-02,2.007398473396063032e+00
1.120000000000000000e+04,-2.181972480950383098e+00,-4.071557465351809957e-01,-9.710145247000520619e-02,-3.592894853969385682e+00,-1.138553183169837002e-01,7.664240035514032767e-01,-4.950853939492557920e+00,-1.223876099861293199e+00,-1.587602884392572689e-01,-3.676150610338431157e+00,-8.041635784153218225e-01,-1.888427197940636681e-01,-8.570323275862017365e-01,-2.839784780492243810e-01,1.611318551723134873e-01,-7.218480522487601414e-01,2.619273211107079335e-01,1.372688163678582596e+00,-3.331409549924236213e+00,-1.388275916464613846e-02,2.024546625965458091e+00
1.130000000000000000e+04,-2.401372522308276913e+00,-4.747783701790853628e-01,-1.508591248329242684e-01,-4.300810350574670871e+00,-3.494693277521931929e-01,6.733086299797688135e-01,-5.665570868652870296e+00,-1.249092417617948758e+00,-2.270129921086792568e-01,-3.846366325905865136e+00,-8.837708434798936530e-01,-2.294298160709983270e-01,-8.932680534708419273e-01,-3.293457232685950697e-01,1.114314877305780244e-01,-8.025444072625764758e-01,2.099780478513476878e-01,1.263163237442790798e+00,-3.914009815728153985e+00,-3.862469010308113015e-02,1.858117271274591475e+00
1.140000000000000000e+04,-2.727637912463556802e+00,-5.392817241942147177e-01,-2.076456208815220805e-01,-5.172925840604154502e+00,-4.496177865832825526e-01,5.965047133768854870e-01,-6.379081485129205475e+00,-1.332140081310512869e+00,-3.411824551764416902e-01,-4.150860857247736568e+00,-9.535775794339902411e-01,-2.379856420900228753e-01,-9.532142711934984414e-01,-3.717127091045670517e-01,1.072660850401970650e-01,-8.805711863518103089e-01,1.597088895216514648e-01,1.169089631885126268e+00,-4.360086080440881418e+00,-7.937286558665859748e-02,1.704069056568932705e+00
1.150000000000000000e+04,-3.045306224031143039e+00,-6.044447937662097425e-01,-2.735791834334713735e-01,-5.850752030418056471e+00,-5.835489354003318141e-01,5.445085892159883256e-01,-7.225835795905282133e+00,-1.545241502596405692e+00,-4.184309150711639225e-01,-4.474831430211307470e+00,-1.014704227016825833e+00,-2.667887223208610381e-01,-1.041497946480578474e+00,-4.284736476294248586e-01,3.133952164547001290e-02,-9.082719485910577539e-01,1.439488487529725358e-01,1.216899357345738730e+00,-4.477048777619867082e+00,-1.166073489529335372e-01,1.667205459675049850e+00
1.160000000000000000e+04,-3.405618681968278327e+00,-6.937693351638043460e-01,-3.565619920102437446e-01,-6.570776546496435166e+00,-7.102950528194587054e-01,5.913797392375542694e-01,-8.224922950942998412e+00,-1.761821705533153093e+00,-5.673770586512395520e-01,-4.762599462119684546e+00,-1.101226921022364191e+00,-2.825136590718440588e-01,-1.053497012551400491e+00,-4.502559776741936193e-01,-8.399579941067490327e-03,-1.015437138684331941e+00,9.061610164585107152e-02,1.133082253465117928e+00,-5.206582349590371805e+00,-1.752041482991744115e-01,1.429053995874186578e+00
1.170000000000000000e+04,-3.718279508898969965e+00,-7.952443383034200064e-01,-4.296767340035915206e-01,-7.599709839170714076e+00,-1.160345055143565229e+00,3.858443870210989668e-01,-9.289908110512184791e+00,-1.995117259831526102e+00,-6.808481088722557750e-01,-5.056279002922760668e+00,-1.141034337031747725e+00,-3.069424663841212042e-01,-1.147246161225619732e+00,-5.218766536363897979e-01,-6.031311031473518547e-02,-1.082950333159415024e+00,6.243907274937338103e-02,1.154841315580684702e+00,-5.774097786536008137e+00,-2.160054429095592532e-01,1.321856550013743803e+00
1.180000000000000000e+04,-4.055550612875834737e+00,-8.834924706610337575e-01,-5.023440645224093171e-01,-8.533601783728045120e+00,-1.360919787451450924e+00,2.284100145161022943e-01,-1.031581246410695840e+01,-2.235487216384747455e+00,-8.111278458084436593e-01,-5.260695682833114617e+00,-1.214144649900826600e+00,-3.320667188094311162e-01,-1.252935975802350832e+00,-6.105536562730556893e-01,-9.179699528170368050e-02,-1.139628666416778513e+00,3.997727103826387296e-02,1.108091850738964990e+00,-4.899851214346348627e+00,-2.634039054045133610e-01,1.378998279045886122e+00
1.190000000000000000e+04,-4.554997828856953923e+00,-9.721504937958446169e-01,-5.072358288520658620e-01,-1.027825420454235328e+01,-1.348810919477570591e+00,1.183586224459922259e-01,-1.198787062949255322e+01,-2.243910028391850275e+00,-8.372445609517611409e-01,-5.811103141926728277e+00,-1.302149382995000604e+00,-3.470841727604798144e-01,-1.281536508012369957e+00,-6.510963394549289518e-01,-1.107404588345215629e-01,-1.419420145560505997e+00,-2.943278480684306808e-02,9.867302358936517193e-01,-5.624000803233883516e+00,-4.673844439983790289e-01,9.676391726816558903e-01
1.200000000000000000e+04,-4.906214696571368883e+00,-1.056822502781243456e+00,-5.718039203579996510e-01,-1.099300059660781059e+01,-1.499375155547634675e+00,1.019734709986524074e-01,-1.261833655582533886e+01,-2.340337280716907387e+00,-9.139149680045456359e-01,-6.008340150853953787e+00,-1.367568503020877735e+00,-3.563914512540215518e-01,-1.357321266486777089e+00,-7.072571423720351858e-01,-1.306883894900961740e-01,-1.685240094179136339e+00,-6.350877219240279314e-02,9.079887279582640192e-01,-6.501729669984428028e+00,-6.881350375840296074e-01,6.974209866080791631e-01
